transaction_id,amount,payment_method,bank,failure_reason,hour_of_day,is_repeat_customer,previous_failed_attempts,retry_successful
txn_00000,1271.16,UPI,Kotak,insufficient_funds,6,1,0,0
txn_00001,3050.41,UPI,SBI,bank_server_down,20,1,2,0
txn_00002,847.22,UPI,Kotak,otp_timeout,11,0,1,0
txn_00003,98.17,UPI,Axis,network_error,14,1,1,1
txn_00004,1009.3,UPI,HDFC,insufficient_funds,8,0,2,0
txn_00005,1529.14,Netbanking,HDFC,session_timeout,20,0,0,1
txn_00006,528.77,Card,PNB,otp_timeout,7,1,0,1
txn_00007,981.76,Card,Kotak,otp_timeout,17,1,2,0
txn_00008,1459.04,Card,PNB,bank_server_down,7,1,1,0
txn_00009,9471.19,Card,HDFC,bank_server_down,12,0,2,0
txn_00010,1256.78,Wallet,HDFC,network_error,2,1,0,1
txn_00011,268.62,UPI,PNB,otp_timeout,7,1,0,1
txn_00012,137.81,Card,Kotak,otp_timeout,2,1,0,1
txn_00013,1258.85,Card,ICICI,otp_timeout,13,1,1,1
txn_00014,725.63,UPI,Kotak,insufficient_funds,19,1,1,0
txn_00015,493.24,Card,PNB,otp_timeout,3,1,1,0
txn_00016,361.29,Netbanking,ICICI,bank_server_down,11,0,2,0
txn_00017,484.85,Netbanking,Axis,bank_server_down,6,1,0,1
txn_00018,278.58,UPI,Kotak,otp_timeout,8,1,1,1
txn_00019,400.76,UPI,SBI,bank_server_down,23,1,0,1
txn_00020,97.63,Wallet,Yes Bank,insufficient_funds,16,1,0,1
txn_00021,647.74,UPI,PNB,otp_timeout,0,1,1,1
txn_00022,310.25,UPI,Yes Bank,network_error,23,0,1,1
txn_00023,787.34,Card,Yes Bank,insufficient_funds,10,1,1,0
txn_00024,3665.08,UPI,Kotak,insufficient_funds,18,1,2,0
txn_00025,1593.34,UPI,HDFC,otp_timeout,7,0,2,0
txn_00026,1500.45,UPI,HDFC,bank_server_down,15,1,1,0
txn_00027,194.25,UPI,Axis,otp_timeout,4,1,0,1
txn_00028,854.48,Card,SBI,bank_server_down,23,1,2,0
txn_00029,940.53,Card,Yes Bank,otp_timeout,15,0,1,1
txn_00030,1899.5,UPI,ICICI,bank_server_down,8,0,0,0
txn_00031,2502.65,UPI,PNB,insufficient_funds,16,0,1,0
txn_00032,912.23,Card,Yes Bank,insufficient_funds,18,1,1,0
txn_00033,705.76,UPI,Axis,insufficient_funds,0,0,1,0
txn_00034,587.49,UPI,HDFC,network_error,20,1,3,0
txn_00035,1394.57,UPI,PNB,otp_timeout,2,0,1,0
txn_00036,1255.28,Card,Yes Bank,bank_server_down,22,0,1,1
txn_00037,225.83,Card,HDFC,card_declined,10,1,1,0
txn_00038,319.59,UPI,ICICI,otp_timeout,6,1,1,0
txn_00039,808.63,Card,Yes Bank,bank_server_down,18,0,0,0
txn_00040,6732.21,Card,Yes Bank,otp_timeout,21,1,0,1
txn_00041,102.79,Netbanking,Yes Bank,insufficient_funds,4,1,1,0
txn_00042,696.15,Card,Axis,insufficient_funds,14,1,0,0
txn_00043,346.68,Wallet,ICICI,network_error,18,1,0,1
txn_00044,307.41,UPI,Kotak,bank_server_down,0,1,0,0
txn_00045,3502.74,UPI,Kotak,otp_timeout,0,1,1,1
txn_00046,320.3,Card,PNB,otp_timeout,4,0,0,1
txn_00047,184.95,UPI,Yes Bank,bank_server_down,19,0,0,1
txn_00048,5503.35,Netbanking,Axis,bank_server_down,9,1,2,0
txn_00049,404.07,UPI,SBI,bank_server_down,0,1,1,0
txn_00050,938.3,Netbanking,ICICI,bank_server_down,19,1,0,1
txn_00051,1679.47,UPI,SBI,insufficient_funds,4,1,2,0
txn_00052,385.66,UPI,Kotak,otp_timeout,18,1,0,1
txn_00053,187.28,UPI,ICICI,bank_server_down,1,0,0,1
txn_00054,607.85,UPI,SBI,otp_timeout,3,0,1,0
txn_00055,401.06,Wallet,Axis,network_error,16,1,0,0
txn_00056,1518.41,Netbanking,HDFC,insufficient_funds,8,0,1,0
txn_00057,1500.43,UPI,Kotak,insufficient_funds,18,0,0,1
txn_00058,4502.18,UPI,PNB,network_error,20,0,1,1
txn_00059,1929.91,UPI,Kotak,insufficient_funds,15,1,0,0
txn_00060,1763.61,UPI,PNB,bank_server_down,10,1,3,0
txn_00061,574.18,Netbanking,HDFC,bank_server_down,5,0,1,0
txn_00062,2109.81,Netbanking,ICICI,session_timeout,6,1,1,0
txn_00063,412.66,UPI,Kotak,network_error,21,1,0,1
txn_00064,2817.9,UPI,Kotak,otp_timeout,19,0,0,0
txn_00065,98.01,Card,Kotak,bank_server_down,16,0,1,0
txn_00066,832.22,Netbanking,Kotak,bank_server_down,4,0,1,0
txn_00067,673.57,UPI,HDFC,bank_server_down,14,1,1,0
txn_00068,595.3,Netbanking,HDFC,insufficient_funds,20,0,0,0
txn_00069,1765.71,UPI,ICICI,network_error,4,1,3,1
txn_00070,1177.73,UPI,HDFC,otp_timeout,12,1,2,1
txn_00071,1755.53,Card,PNB,card_declined,1,0,2,0
txn_00072,893.8,UPI,HDFC,bank_server_down,21,1,1,0
txn_00073,221.99,UPI,PNB,otp_timeout,20,0,2,1
txn_00074,3029.74,Wallet,Yes Bank,insufficient_funds,4,1,0,0
txn_00075,909.1,UPI,HDFC,insufficient_funds,12,1,0,0
txn_00076,927.33,Card,Axis,otp_timeout,1,1,2,1
txn_00077,314.67,Netbanking,Axis,bank_server_down,16,0,0,1
txn_00078,431.1,Card,ICICI,otp_timeout,1,0,1,1
txn_00079,472.34,UPI,PNB,bank_server_down,19,1,0,1
txn_00080,1752.2,UPI,ICICI,insufficient_funds,9,1,0,0
txn_00081,1268.68,UPI,ICICI,bank_server_down,20,0,0,0
txn_00082,6918.64,UPI,PNB,otp_timeout,10,0,1,0
txn_00083,221.0,UPI,SBI,network_error,2,1,3,0
txn_00084,184.88,UPI,Kotak,otp_timeout,21,0,0,1
txn_00085,180.98,UPI,ICICI,otp_timeout,13,0,0,1
txn_00086,195.18,UPI,Yes Bank,insufficient_funds,15,0,0,1
txn_00087,693.44,Card,Kotak,bank_server_down,14,1,2,0
txn_00088,516.5,Card,Yes Bank,bank_server_down,23,0,1,1
txn_00089,755.54,Card,Axis,card_declined,17,1,1,0
txn_00090,348.43,UPI,Kotak,network_error,11,0,0,1
txn_00091,225.53,UPI,HDFC,otp_timeout,17,0,1,0
txn_00092,451.21,Card,HDFC,bank_server_down,5,1,1,0
txn_00093,340.9,UPI,Yes Bank,otp_timeout,0,0,0,1
txn_00094,791.53,UPI,Yes Bank,insufficient_funds,10,1,2,0
txn_00095,1648.91,UPI,SBI,bank_server_down,1,1,1,0
txn_00096,310.05,Card,Yes Bank,insufficient_funds,0,1,1,0
txn_00097,109.41,Card,Yes Bank,card_declined,10,1,0,1
txn_00098,1819.46,UPI,ICICI,otp_timeout,0,0,0,1
txn_00099,373.57,UPI,Yes Bank,insufficient_funds,2,0,2,0
txn_00100,788.18,Wallet,Yes Bank,insufficient_funds,11,0,2,0
txn_00101,727.34,UPI,Kotak,network_error,10,1,0,1
txn_00102,888.71,UPI,Kotak,insufficient_funds,3,0,1,0
txn_00103,5299.68,UPI,Yes Bank,network_error,18,1,1,1
txn_00104,1321.91,Card,HDFC,card_declined,20,1,1,0
txn_00105,64.1,Netbanking,PNB,insufficient_funds,7,1,0,1
txn_00106,1522.57,UPI,Yes Bank,insufficient_funds,22,0,0,0
txn_00107,1826.02,UPI,ICICI,otp_timeout,21,1,0,0
txn_00108,240.18,UPI,PNB,otp_timeout,3,1,1,0
txn_00109,13045.48,Card,Axis,insufficient_funds,10,1,2,0
txn_00110,124.03,UPI,Yes Bank,network_error,10,0,1,0
txn_00111,363.19,Card,PNB,bank_server_down,10,1,1,0
txn_00112,364.07,Netbanking,PNB,session_timeout,8,1,1,1
txn_00113,2445.12,Netbanking,PNB,bank_server_down,13,0,0,0
txn_00114,231.68,Netbanking,HDFC,insufficient_funds,14,0,0,0
txn_00115,320.71,Netbanking,Kotak,session_timeout,8,0,0,1
txn_00116,1541.52,Netbanking,PNB,session_timeout,10,0,2,0
txn_00117,640.03,Card,Axis,insufficient_funds,20,1,0,0
txn_00118,240.52,Card,Axis,insufficient_funds,19,1,1,0
txn_00119,1115.07,UPI,HDFC,insufficient_funds,0,0,0,0
txn_00120,6351.74,Card,Yes Bank,bank_server_down,15,1,0,1
txn_00121,374.81,UPI,ICICI,bank_server_down,16,1,1,0
txn_00122,572.56,UPI,Kotak,insufficient_funds,9,1,1,0
txn_00123,1127.51,Wallet,ICICI,insufficient_funds,7,0,0,0
txn_00124,734.17,Card,Kotak,bank_server_down,2,1,1,1
txn_00125,583.86,Netbanking,Yes Bank,session_timeout,10,1,2,0
txn_00126,837.94,UPI,PNB,network_error,0,0,0,1
txn_00127,325.06,Card,Axis,insufficient_funds,1,1,1,0
txn_00128,2175.93,Netbanking,SBI,insufficient_funds,8,1,0,1
txn_00129,340.35,Card,HDFC,insufficient_funds,23,1,0,0
txn_00130,1587.22,UPI,HDFC,bank_server_down,6,0,1,0
txn_00131,1914.33,UPI,Kotak,otp_timeout,1,0,0,0
txn_00132,1000.5,UPI,Axis,otp_timeout,5,1,0,1
txn_00133,121.2,UPI,HDFC,insufficient_funds,5,1,0,0
txn_00134,481.42,UPI,ICICI,otp_timeout,13,0,0,0
txn_00135,2086.13,UPI,Axis,insufficient_funds,20,1,0,1
txn_00136,5331.11,Card,SBI,insufficient_funds,21,0,0,0
txn_00137,490.51,UPI,SBI,insufficient_funds,19,0,0,0
txn_00138,642.27,UPI,ICICI,bank_server_down,10,1,0,0
txn_00139,3908.08,UPI,Axis,network_error,18,0,1,1
txn_00140,177.8,UPI,SBI,otp_timeout,15,1,1,0
txn_00141,530.47,Card,Yes Bank,bank_server_down,5,1,2,0
txn_00142,487.68,Card,HDFC,card_declined,15,1,0,0
txn_00143,746.72,Netbanking,Yes Bank,insufficient_funds,20,1,0,0
txn_00144,2582.81,UPI,Kotak,bank_server_down,6,0,1,0
txn_00145,44.15,UPI,ICICI,insufficient_funds,4,1,0,0
txn_00146,347.03,Card,HDFC,bank_server_down,17,1,0,1
txn_00147,1888.51,UPI,SBI,bank_server_down,1,0,2,0
txn_00148,396.51,Netbanking,SBI,insufficient_funds,20,1,1,0
txn_00149,2722.61,UPI,Yes Bank,otp_timeout,6,1,1,1
txn_00150,243.68,UPI,Yes Bank,bank_server_down,15,0,3,0
txn_00151,308.65,UPI,Axis,network_error,4,1,0,1
txn_00152,603.59,Netbanking,Yes Bank,insufficient_funds,7,1,1,0
txn_00153,702.27,UPI,ICICI,insufficient_funds,1,0,0,1
txn_00154,190.72,Netbanking,Kotak,bank_server_down,8,1,3,0
txn_00155,1177.89,UPI,ICICI,bank_server_down,16,0,2,0
txn_00156,3125.99,UPI,PNB,otp_timeout,1,1,0,1
txn_00157,4007.32,UPI,SBI,otp_timeout,1,1,2,0
txn_00158,115.75,Card,SBI,insufficient_funds,7,1,0,0
txn_00159,189.17,Wallet,Kotak,network_error,4,1,0,0
txn_00160,4294.13,UPI,SBI,bank_server_down,7,1,0,1
txn_00161,1510.93,Card,Axis,card_declined,15,1,2,1
txn_00162,347.52,Card,PNB,otp_timeout,10,1,0,0
txn_00163,1075.52,UPI,SBI,otp_timeout,6,0,2,1
txn_00164,1506.81,UPI,PNB,bank_server_down,16,1,0,0
txn_00165,150.0,UPI,Kotak,insufficient_funds,15,0,1,0
txn_00166,1221.58,Wallet,PNB,network_error,21,1,1,1
txn_00167,801.6,UPI,HDFC,network_error,21,1,0,1
txn_00168,5016.07,UPI,ICICI,bank_server_down,19,1,0,0
txn_00169,317.39,UPI,PNB,network_error,18,0,0,1
txn_00170,2437.33,UPI,Axis,otp_timeout,10,0,0,0
txn_00171,740.76,Card,SBI,otp_timeout,16,1,0,1
txn_00172,104.92,Netbanking,Kotak,insufficient_funds,5,0,0,0
txn_00173,377.41,Card,Axis,insufficient_funds,14,1,1,0
txn_00174,567.56,UPI,Kotak,otp_timeout,17,1,1,1
txn_00175,203.03,UPI,Axis,bank_server_down,2,0,0,0
txn_00176,958.63,Card,Yes Bank,bank_server_down,15,1,0,1
txn_00177,137.04,UPI,SBI,network_error,12,0,0,0
txn_00178,1638.97,UPI,PNB,insufficient_funds,0,1,2,0
txn_00179,2379.58,Card,HDFC,card_declined,11,1,0,0
txn_00180,533.27,Card,Axis,card_declined,0,1,0,1
txn_00181,683.27,UPI,Axis,bank_server_down,21,0,3,0
txn_00182,736.39,Card,PNB,insufficient_funds,7,1,1,0
txn_00183,505.71,Netbanking,PNB,insufficient_funds,8,1,2,0
txn_00184,745.86,Netbanking,Yes Bank,insufficient_funds,21,1,1,0
txn_00185,1720.11,Card,SBI,insufficient_funds,21,1,1,0
txn_00186,3538.72,Card,SBI,otp_timeout,22,1,0,1
txn_00187,542.38,UPI,SBI,bank_server_down,4,1,3,0
txn_00188,514.21,UPI,SBI,otp_timeout,20,1,1,1
txn_00189,125.39,UPI,Axis,bank_server_down,19,1,1,0
txn_00190,3192.98,Card,ICICI,card_declined,14,1,0,1
txn_00191,142.09,Card,Yes Bank,card_declined,11,0,0,1
txn_00192,3487.67,UPI,ICICI,network_error,9,0,3,0
txn_00193,142.53,Netbanking,Kotak,bank_server_down,21,1,0,0
txn_00194,462.92,UPI,ICICI,insufficient_funds,1,1,0,0
txn_00195,217.09,Card,Axis,card_declined,22,1,0,1
txn_00196,1801.31,UPI,ICICI,otp_timeout,0,1,1,0
txn_00197,405.96,UPI,Yes Bank,network_error,10,1,1,1
txn_00198,491.12,Netbanking,Axis,insufficient_funds,19,0,0,0
txn_00199,972.36,Netbanking,Kotak,bank_server_down,22,0,0,0
txn_00200,275.58,UPI,SBI,bank_server_down,17,1,0,1
txn_00201,3347.46,Card,HDFC,otp_timeout,23,1,0,1
txn_00202,319.68,UPI,Yes Bank,otp_timeout,20,0,1,0
txn_00203,1102.6,Netbanking,Yes Bank,insufficient_funds,1,1,3,0
txn_00204,799.33,UPI,ICICI,otp_timeout,16,0,2,1
txn_00205,785.85,Card,SBI,otp_timeout,15,1,1,1
txn_00206,132.49,UPI,ICICI,bank_server_down,0,1,2,0
txn_00207,1687.51,Card,HDFC,otp_timeout,3,1,1,0
txn_00208,462.11,UPI,ICICI,bank_server_down,12,1,0,0
txn_00209,1412.16,UPI,PNB,otp_timeout,11,1,1,1
txn_00210,77.38,UPI,HDFC,otp_timeout,5,0,1,0
txn_00211,3898.31,Card,Yes Bank,card_declined,2,1,3,1
txn_00212,130.23,Netbanking,Kotak,session_timeout,3,1,1,1
txn_00213,789.16,Card,SBI,otp_timeout,12,1,0,0
txn_00214,203.02,UPI,PNB,otp_timeout,3,1,0,1
txn_00215,3073.99,UPI,Kotak,network_error,13,0,2,0
txn_00216,247.24,UPI,Axis,bank_server_down,3,1,1,0
txn_00217,1704.06,Netbanking,PNB,bank_server_down,6,0,1,0
txn_00218,832.07,Netbanking,Axis,session_timeout,23,1,0,1
txn_00219,2602.27,Card,Kotak,insufficient_funds,8,1,1,0
txn_00220,913.01,UPI,ICICI,network_error,4,0,1,0
txn_00221,3009.9,Card,HDFC,insufficient_funds,18,1,0,0
txn_00222,466.8,UPI,SBI,network_error,16,0,0,1
txn_00223,1046.85,UPI,SBI,bank_server_down,8,0,1,0
txn_00224,297.77,Wallet,SBI,insufficient_funds,21,1,1,0
txn_00225,3425.89,UPI,Yes Bank,insufficient_funds,3,1,1,0
txn_00226,130.13,UPI,Kotak,otp_timeout,0,0,0,1
txn_00227,3232.32,UPI,ICICI,network_error,4,0,1,1
txn_00228,519.82,Card,SBI,insufficient_funds,21,1,3,0
txn_00229,142.87,Card,ICICI,otp_timeout,19,0,1,1
txn_00230,787.89,UPI,PNB,insufficient_funds,22,1,0,0
txn_00231,161.79,Card,Yes Bank,card_declined,22,0,0,1
txn_00232,717.08,Netbanking,Axis,bank_server_down,5,0,1,1
txn_00233,2268.9,Card,Axis,insufficient_funds,19,1,0,0
txn_00234,106.04,UPI,ICICI,otp_timeout,19,0,2,1
txn_00235,1105.43,UPI,Yes Bank,insufficient_funds,14,1,2,0
txn_00236,428.98,Netbanking,ICICI,session_timeout,23,1,1,0
txn_00237,2135.17,UPI,Yes Bank,otp_timeout,14,1,0,1
txn_00238,1970.21,UPI,Axis,bank_server_down,21,0,1,0
txn_00239,1069.23,Netbanking,Yes Bank,bank_server_down,19,1,0,0
txn_00240,136.83,UPI,Kotak,bank_server_down,12,1,3,0
txn_00241,689.6,UPI,Yes Bank,network_error,17,0,2,0
txn_00242,179.06,UPI,ICICI,network_error,4,1,0,1
txn_00243,139.4,Wallet,Kotak,insufficient_funds,23,0,0,0
txn_00244,308.04,UPI,Axis,bank_server_down,15,0,1,1
txn_00245,379.76,Netbanking,PNB,bank_server_down,19,1,2,0
txn_00246,186.27,Card,PNB,insufficient_funds,21,1,1,0
txn_00247,2553.97,UPI,ICICI,bank_server_down,20,0,0,1
txn_00248,246.14,UPI,PNB,otp_timeout,10,1,2,0
txn_00249,644.88,UPI,Axis,bank_server_down,19,0,1,1
txn_00250,1090.72,Card,Kotak,insufficient_funds,16,1,1,0
txn_00251,591.9,Card,Axis,bank_server_down,0,1,0,1
txn_00252,1397.02,UPI,SBI,insufficient_funds,7,0,2,0
txn_00253,897.21,Netbanking,Kotak,bank_server_down,22,1,0,0
txn_00254,172.93,Card,Kotak,otp_timeout,10,1,2,1
txn_00255,251.74,UPI,ICICI,otp_timeout,4,1,1,1
txn_00256,1800.91,UPI,Axis,otp_timeout,8,0,0,1
txn_00257,312.06,Card,Yes Bank,card_declined,8,1,0,0
txn_00258,242.11,UPI,Axis,network_error,12,1,1,0
txn_00259,621.92,Card,SBI,insufficient_funds,14,0,1,0
txn_00260,218.22,UPI,Yes Bank,network_error,19,0,0,1
txn_00261,459.91,Netbanking,Kotak,insufficient_funds,22,1,0,0
txn_00262,182.44,Card,Yes Bank,card_declined,10,0,1,0
txn_00263,840.62,UPI,Kotak,bank_server_down,1,0,1,1
txn_00264,1090.56,UPI,SBI,insufficient_funds,10,1,1,0
txn_00265,1371.44,UPI,PNB,otp_timeout,6,1,2,1
txn_00266,1207.91,UPI,ICICI,network_error,2,1,0,1
txn_00267,1435.88,Netbanking,SBI,bank_server_down,9,1,2,0
txn_00268,581.72,Card,Kotak,card_declined,21,1,0,1
txn_00269,674.98,Card,Axis,otp_timeout,15,0,0,0
txn_00270,3740.46,Wallet,Axis,insufficient_funds,23,0,0,0
txn_00271,446.02,UPI,PNB,otp_timeout,9,1,0,0
txn_00272,6089.08,UPI,PNB,insufficient_funds,23,0,0,0
txn_00273,494.72,UPI,ICICI,bank_server_down,17,1,0,0
txn_00274,1934.49,Card,SBI,insufficient_funds,5,0,2,0
txn_00275,1553.6,UPI,Yes Bank,insufficient_funds,16,1,0,0
txn_00276,238.84,Card,SBI,otp_timeout,3,1,0,1
txn_00277,4247.53,Wallet,Axis,insufficient_funds,6,1,1,0
txn_00278,392.38,UPI,ICICI,insufficient_funds,16,1,1,0
txn_00279,1438.62,Netbanking,ICICI,insufficient_funds,4,1,0,1
txn_00280,647.09,UPI,Kotak,network_error,0,1,0,1
txn_00281,3913.75,UPI,Axis,network_error,19,1,3,0
txn_00282,276.45,UPI,Yes Bank,bank_server_down,13,0,0,1
txn_00283,290.94,UPI,Kotak,bank_server_down,11,0,2,0
txn_00284,178.8,Card,SBI,card_declined,6,0,0,1
txn_00285,222.45,UPI,PNB,network_error,6,0,2,1
txn_00286,287.8,Card,Kotak,insufficient_funds,16,1,3,0
txn_00287,1225.14,UPI,HDFC,otp_timeout,17,1,0,1
txn_00288,1829.99,Card,HDFC,card_declined,6,1,1,0
txn_00289,67.75,UPI,HDFC,bank_server_down,20,0,1,0
txn_00290,286.4,UPI,SBI,otp_timeout,14,1,2,1
txn_00291,1813.57,UPI,PNB,otp_timeout,6,1,1,0
txn_00292,951.1,Card,PNB,bank_server_down,19,1,0,0
txn_00293,287.92,Wallet,ICICI,insufficient_funds,1,0,0,1
txn_00294,896.73,UPI,Axis,insufficient_funds,17,0,0,0
txn_00295,313.63,UPI,Axis,network_error,8,1,1,0
txn_00296,42.11,UPI,Yes Bank,network_error,5,1,0,0
txn_00297,1926.34,Netbanking,ICICI,insufficient_funds,7,1,1,0
txn_00298,544.83,UPI,Axis,network_error,5,1,2,0
txn_00299,207.85,Card,PNB,bank_server_down,0,1,3,0
txn_00300,551.62,Card,Axis,bank_server_down,22,0,1,0
txn_00301,1782.42,UPI,Axis,bank_server_down,4,1,0,0
txn_00302,877.18,Netbanking,Yes Bank,insufficient_funds,8,0,0,1
txn_00303,1383.18,UPI,ICICI,network_error,20,0,0,0
txn_00304,303.68,UPI,ICICI,otp_timeout,10,1,1,1
txn_00305,1222.48,Netbanking,SBI,session_timeout,14,0,0,1
txn_00306,1063.75,UPI,SBI,network_error,0,1,0,1
txn_00307,243.09,Card,HDFC,otp_timeout,5,0,0,0
txn_00308,545.26,UPI,Axis,bank_server_down,8,1,1,0
txn_00309,897.99,Netbanking,SBI,insufficient_funds,22,0,0,0
txn_00310,524.12,UPI,Kotak,network_error,13,1,0,1
txn_00311,241.35,UPI,Yes Bank,insufficient_funds,21,1,0,1
txn_00312,261.01,Card,HDFC,bank_server_down,22,1,1,0
txn_00313,1970.38,UPI,Kotak,otp_timeout,3,0,0,1
txn_00314,133.44,UPI,HDFC,bank_server_down,13,1,0,1
txn_00315,1449.88,Netbanking,HDFC,bank_server_down,13,0,3,0
txn_00316,380.65,UPI,Yes Bank,otp_timeout,10,1,2,0
txn_00317,122.47,UPI,Axis,otp_timeout,2,1,1,1
txn_00318,216.93,UPI,SBI,otp_timeout,18,1,0,1
txn_00319,595.89,Card,Axis,card_declined,18,0,1,0
txn_00320,1016.62,UPI,Kotak,insufficient_funds,1,1,3,0
txn_00321,767.65,UPI,Yes Bank,otp_timeout,17,0,0,1
txn_00322,162.99,UPI,Axis,bank_server_down,2,1,0,1
txn_00323,612.1,UPI,HDFC,bank_server_down,16,0,0,0
txn_00324,1075.08,UPI,Kotak,otp_timeout,10,0,0,0
txn_00325,10207.39,UPI,HDFC,network_error,20,0,1,1
txn_00326,327.53,UPI,SBI,bank_server_down,11,1,2,0
txn_00327,146.39,UPI,Kotak,network_error,0,1,3,1
txn_00328,768.83,UPI,SBI,bank_server_down,17,0,1,1
txn_00329,359.68,Card,Kotak,otp_timeout,14,1,1,1
txn_00330,787.34,UPI,PNB,otp_timeout,8,1,2,0
txn_00331,1034.78,UPI,SBI,bank_server_down,8,1,2,0
txn_00332,705.11,UPI,ICICI,otp_timeout,7,1,1,1
txn_00333,315.83,UPI,PNB,otp_timeout,14,0,0,1
txn_00334,1753.65,UPI,PNB,network_error,21,1,0,1
txn_00335,1019.63,UPI,Yes Bank,bank_server_down,11,1,2,0
txn_00336,1470.69,Netbanking,PNB,insufficient_funds,21,1,1,0
txn_00337,115.75,UPI,Kotak,insufficient_funds,3,0,1,1
txn_00338,2377.11,UPI,ICICI,network_error,10,0,1,1
txn_00339,404.13,UPI,Axis,network_error,11,1,0,1
txn_00340,684.0,Wallet,Yes Bank,network_error,12,0,0,1
txn_00341,1010.49,UPI,ICICI,insufficient_funds,17,0,0,0
txn_00342,163.41,UPI,ICICI,otp_timeout,2,1,1,0
txn_00343,155.53,Wallet,Kotak,insufficient_funds,14,0,0,1
txn_00344,9255.05,Card,Kotak,card_declined,12,1,2,0
txn_00345,109.33,UPI,Kotak,insufficient_funds,16,1,1,0
txn_00346,891.82,Netbanking,Axis,insufficient_funds,2,0,2,0
txn_00347,203.77,Card,SBI,bank_server_down,17,1,1,0
txn_00348,645.39,UPI,Kotak,network_error,3,1,0,1
txn_00349,377.02,Card,Yes Bank,card_declined,14,1,0,0
txn_00350,1238.4,UPI,HDFC,network_error,11,1,2,0
txn_00351,459.62,UPI,Axis,network_error,5,1,0,1
txn_00352,1397.0,UPI,PNB,insufficient_funds,18,1,2,1
txn_00353,802.25,UPI,SBI,insufficient_funds,14,1,3,0
txn_00354,2134.11,UPI,Axis,otp_timeout,7,0,2,0
txn_00355,542.15,UPI,Yes Bank,otp_timeout,22,0,0,1
txn_00356,441.44,Card,Yes Bank,insufficient_funds,15,1,0,1
txn_00357,315.11,UPI,Yes Bank,insufficient_funds,2,1,1,1
txn_00358,1373.47,UPI,PNB,insufficient_funds,0,0,0,1
txn_00359,1114.52,Netbanking,HDFC,insufficient_funds,0,1,1,0
txn_00360,128.99,UPI,Yes Bank,bank_server_down,5,0,1,0
txn_00361,129.99,Card,ICICI,card_declined,18,1,0,1
txn_00362,556.01,UPI,ICICI,network_error,1,1,1,1
txn_00363,722.35,Netbanking,SBI,insufficient_funds,13,0,0,0
txn_00364,151.82,Card,PNB,card_declined,12,1,0,1
txn_00365,860.71,UPI,HDFC,insufficient_funds,22,1,0,1
txn_00366,53.33,Card,Axis,bank_server_down,13,1,2,0
txn_00367,4026.52,UPI,Kotak,insufficient_funds,22,1,0,0
txn_00368,355.6,Netbanking,ICICI,insufficient_funds,21,1,0,1
txn_00369,675.45,UPI,Kotak,network_error,10,1,0,1
txn_00370,567.03,Netbanking,Axis,session_timeout,16,0,2,0
txn_00371,1711.24,UPI,PNB,bank_server_down,0,1,2,0
txn_00372,562.0,UPI,Kotak,otp_timeout,23,1,3,1
txn_00373,811.99,UPI,Kotak,network_error,18,1,3,0
txn_00374,618.3,UPI,PNB,network_error,15,0,0,1
txn_00375,2021.75,UPI,HDFC,otp_timeout,17,1,0,1
txn_00376,1536.88,UPI,Yes Bank,insufficient_funds,3,1,1,0
txn_00377,2457.44,UPI,PNB,network_error,17,1,3,0
txn_00378,296.43,Card,Yes Bank,insufficient_funds,10,0,0,0
txn_00379,776.13,UPI,Axis,insufficient_funds,20,1,0,1
txn_00380,534.84,Netbanking,HDFC,session_timeout,14,0,2,0
txn_00381,47.52,Card,HDFC,bank_server_down,5,1,0,0
txn_00382,838.53,UPI,Axis,bank_server_down,9,1,2,0
txn_00383,1993.89,UPI,Kotak,otp_timeout,0,1,0,1
txn_00384,784.28,Card,SBI,card_declined,14,1,1,1
txn_00385,699.87,Card,Kotak,insufficient_funds,3,1,1,1
txn_00386,790.44,Card,Kotak,otp_timeout,3,1,2,0
txn_00387,427.21,Wallet,ICICI,insufficient_funds,14,1,1,0
txn_00388,213.33,Card,PNB,insufficient_funds,12,1,1,0
txn_00389,259.98,Card,SBI,card_declined,16,1,0,0
txn_00390,2027.41,UPI,PNB,otp_timeout,17,0,1,1
txn_00391,2026.26,UPI,ICICI,bank_server_down,1,0,1,0
txn_00392,555.36,UPI,Yes Bank,bank_server_down,9,0,0,0
txn_00393,2625.03,Netbanking,Axis,bank_server_down,10,1,0,1
txn_00394,310.54,UPI,PNB,network_error,3,1,3,1
txn_00395,906.76,Wallet,HDFC,network_error,10,1,2,0
txn_00396,292.24,UPI,ICICI,bank_server_down,16,1,1,1
txn_00397,2482.34,Card,Kotak,insufficient_funds,7,1,0,0
txn_00398,903.26,UPI,HDFC,insufficient_funds,4,0,0,1
txn_00399,1909.63,UPI,SBI,otp_timeout,23,1,0,1
txn_00400,380.97,Netbanking,Yes Bank,bank_server_down,11,1,0,0
txn_00401,154.96,UPI,SBI,bank_server_down,18,1,1,0
txn_00402,120.94,Card,Axis,card_declined,16,1,0,0
txn_00403,435.92,UPI,Axis,otp_timeout,17,1,2,0
txn_00404,297.68,UPI,SBI,insufficient_funds,0,0,2,0
txn_00405,1402.61,Wallet,Kotak,network_error,10,1,0,1
txn_00406,550.53,Netbanking,Kotak,insufficient_funds,3,1,2,0
txn_00407,1671.79,UPI,HDFC,network_error,18,1,0,1
txn_00408,596.47,UPI,ICICI,insufficient_funds,14,1,2,0
txn_00409,1870.5,Card,ICICI,bank_server_down,2,1,0,0
txn_00410,1725.07,UPI,Kotak,otp_timeout,8,0,0,1
txn_00411,73.14,UPI,ICICI,network_error,6,0,0,1
txn_00412,367.31,Netbanking,Yes Bank,insufficient_funds,18,1,1,1
txn_00413,253.22,UPI,ICICI,bank_server_down,4,1,2,0
txn_00414,365.95,UPI,SBI,insufficient_funds,20,0,0,0
txn_00415,2758.3,Card,SBI,insufficient_funds,8,0,1,0
txn_00416,1755.3,UPI,Axis,insufficient_funds,5,1,1,0
txn_00417,1485.29,Wallet,PNB,network_error,1,1,1,1
txn_00418,1294.56,Netbanking,PNB,session_timeout,16,0,0,0
txn_00419,1013.93,UPI,Axis,network_error,20,1,1,0
txn_00420,60.87,Card,PNB,bank_server_down,14,1,0,1
txn_00421,617.16,UPI,SBI,network_error,2,0,1,0
txn_00422,1620.33,UPI,Axis,network_error,0,1,0,1
txn_00423,1182.29,Card,Yes Bank,bank_server_down,12,1,1,1
txn_00424,1188.03,UPI,SBI,bank_server_down,11,0,2,0
txn_00425,1828.18,Card,PNB,insufficient_funds,23,1,2,1
txn_00426,449.3,Card,Axis,bank_server_down,11,0,0,0
txn_00427,435.93,Card,HDFC,card_declined,13,1,0,1
txn_00428,399.28,UPI,HDFC,insufficient_funds,14,0,3,0
txn_00429,822.01,Card,PNB,insufficient_funds,22,1,1,0
txn_00430,938.04,UPI,ICICI,insufficient_funds,9,0,3,0
txn_00431,633.56,UPI,Kotak,bank_server_down,19,1,0,0
txn_00432,115.88,UPI,ICICI,bank_server_down,23,1,3,0
txn_00433,585.2,UPI,Kotak,insufficient_funds,5,0,0,0
txn_00434,5145.19,UPI,SBI,insufficient_funds,21,1,0,0
txn_00435,1438.04,Card,Yes Bank,card_declined,3,0,0,0
txn_00436,181.99,UPI,HDFC,bank_server_down,18,1,0,1
txn_00437,1104.43,Card,HDFC,card_declined,0,0,1,0
txn_00438,2047.46,UPI,HDFC,bank_server_down,9,1,0,1
txn_00439,476.24,UPI,SBI,bank_server_down,17,0,1,1
txn_00440,3559.81,UPI,PNB,network_error,18,1,1,0
txn_00441,406.49,UPI,Axis,otp_timeout,7,1,2,1
txn_00442,330.76,Netbanking,PNB,bank_server_down,15,1,0,0
txn_00443,278.52,UPI,HDFC,insufficient_funds,15,0,3,0
txn_00444,1663.61,Netbanking,SBI,insufficient_funds,2,1,1,0
txn_00445,332.71,UPI,SBI,bank_server_down,9,1,0,1
txn_00446,1806.83,UPI,Axis,network_error,5,1,0,1
txn_00447,524.75,Netbanking,Axis,session_timeout,1,1,1,1
txn_00448,298.33,UPI,Yes Bank,network_error,23,1,0,0
txn_00449,58.55,UPI,ICICI,otp_timeout,0,1,0,1
txn_00450,1565.65,Card,Axis,card_declined,14,1,0,1
txn_00451,1733.31,UPI,Axis,insufficient_funds,23,1,0,1
txn_00452,1151.57,UPI,HDFC,otp_timeout,4,0,0,1
txn_00453,515.45,Netbanking,HDFC,bank_server_down,20,1,0,1
txn_00454,883.88,UPI,HDFC,bank_server_down,11,1,1,0
txn_00455,827.02,Card,Kotak,otp_timeout,4,1,1,1
txn_00456,1235.91,UPI,Kotak,otp_timeout,4,1,1,1
txn_00457,1002.98,UPI,HDFC,bank_server_down,10,1,2,0
txn_00458,515.51,Card,SBI,bank_server_down,10,0,0,0
txn_00459,474.6,UPI,PNB,bank_server_down,23,1,1,0
txn_00460,1970.27,UPI,SBI,insufficient_funds,0,0,0,0
txn_00461,1910.69,Card,Kotak,bank_server_down,14,0,1,0
txn_00462,414.53,UPI,ICICI,otp_timeout,16,1,1,0
txn_00463,184.12,Card,Yes Bank,card_declined,10,0,0,0
txn_00464,943.7,Card,ICICI,bank_server_down,8,1,2,1
txn_00465,1184.44,Netbanking,SBI,insufficient_funds,21,1,0,0
txn_00466,298.86,Netbanking,Kotak,insufficient_funds,7,0,0,0
txn_00467,624.2,UPI,Yes Bank,network_error,14,1,3,0
txn_00468,2208.52,Card,Kotak,insufficient_funds,14,0,2,0
txn_00469,406.71,UPI,SBI,bank_server_down,13,0,0,0
txn_00470,2414.86,UPI,Axis,insufficient_funds,10,1,2,0
txn_00471,1751.11,Card,ICICI,card_declined,23,1,0,0
txn_00472,1409.7,Card,Kotak,bank_server_down,19,0,1,0
txn_00473,1241.49,Card,PNB,bank_server_down,8,0,0,0
txn_00474,2890.03,UPI,PNB,insufficient_funds,9,1,1,0
txn_00475,465.01,UPI,Kotak,insufficient_funds,21,0,1,0
txn_00476,991.27,Card,ICICI,insufficient_funds,10,0,0,0
txn_00477,1281.27,UPI,ICICI,insufficient_funds,17,1,0,0
txn_00478,295.0,UPI,SBI,bank_server_down,12,1,0,0
txn_00479,1385.74,Card,PNB,insufficient_funds,9,1,2,0
txn_00480,863.02,Card,Yes Bank,bank_server_down,11,0,0,0
txn_00481,388.06,UPI,Kotak,otp_timeout,2,1,1,0
txn_00482,711.94,Card,HDFC,bank_server_down,6,1,2,1
txn_00483,158.98,UPI,Yes Bank,otp_timeout,5,0,3,0
txn_00484,656.44,Card,Kotak,insufficient_funds,14,0,0,1
txn_00485,549.75,Netbanking,Kotak,insufficient_funds,21,1,0,0
txn_00486,1239.01,UPI,Yes Bank,insufficient_funds,3,0,2,0
txn_00487,2512.25,Card,Kotak,card_declined,9,0,0,1
txn_00488,840.29,Card,ICICI,insufficient_funds,15,1,2,0
txn_00489,227.7,UPI,Kotak,insufficient_funds,4,1,3,0
txn_00490,367.84,Netbanking,Axis,session_timeout,10,1,0,1
txn_00491,752.61,UPI,SBI,otp_timeout,11,1,1,0
txn_00492,996.35,Card,ICICI,insufficient_funds,3,1,0,0
txn_00493,239.37,Card,HDFC,card_declined,13,0,0,1
txn_00494,1007.14,Card,SBI,otp_timeout,5,1,0,1
txn_00495,1057.1,UPI,Kotak,otp_timeout,5,1,0,1
txn_00496,454.93,UPI,SBI,bank_server_down,16,1,2,1
txn_00497,794.39,Card,PNB,bank_server_down,12,1,1,0
txn_00498,856.77,Netbanking,PNB,bank_server_down,22,1,2,0
txn_00499,1510.72,UPI,Axis,insufficient_funds,20,1,2,0
txn_00500,341.63,Netbanking,SBI,session_timeout,11,0,0,0
txn_00501,556.86,Netbanking,Axis,insufficient_funds,4,1,3,0
txn_00502,440.81,UPI,Axis,network_error,7,0,0,0
txn_00503,409.92,UPI,Axis,otp_timeout,12,0,0,0
txn_00504,1557.86,UPI,Yes Bank,insufficient_funds,4,1,1,0
txn_00505,2982.66,UPI,Axis,network_error,22,0,0,1
txn_00506,203.19,Netbanking,ICICI,bank_server_down,12,0,1,1
txn_00507,65.24,Card,ICICI,otp_timeout,14,1,2,0
txn_00508,633.4,Netbanking,Axis,session_timeout,15,1,1,1
txn_00509,163.17,Card,HDFC,otp_timeout,15,1,0,1
txn_00510,864.33,Card,Yes Bank,bank_server_down,13,1,0,1
txn_00511,189.6,UPI,SBI,bank_server_down,5,1,0,1
txn_00512,823.41,UPI,Yes Bank,bank_server_down,5,1,1,0
txn_00513,1523.41,UPI,SBI,bank_server_down,2,1,0,1
txn_00514,761.59,Card,Kotak,insufficient_funds,19,0,0,0
txn_00515,125.41,Netbanking,ICICI,bank_server_down,19,0,0,0
txn_00516,244.75,Card,Kotak,card_declined,12,1,1,1
txn_00517,303.83,Card,Kotak,otp_timeout,4,1,1,1
txn_00518,392.98,UPI,ICICI,insufficient_funds,17,0,0,0
txn_00519,2666.01,UPI,SBI,network_error,14,1,1,1
txn_00520,82.76,UPI,Axis,bank_server_down,21,1,1,1
txn_00521,3731.99,UPI,PNB,network_error,0,1,2,0
txn_00522,189.86,Netbanking,Axis,bank_server_down,18,1,0,1
txn_00523,1056.45,UPI,Kotak,otp_timeout,20,1,2,0
txn_00524,288.88,UPI,Kotak,network_error,16,0,0,1
txn_00525,578.66,Wallet,PNB,network_error,18,1,1,0
txn_00526,2650.87,UPI,Axis,bank_server_down,19,1,0,0
txn_00527,3498.34,Wallet,Axis,network_error,16,1,1,0
txn_00528,596.7,UPI,SBI,bank_server_down,0,0,3,0
txn_00529,299.06,Wallet,ICICI,network_error,5,0,0,1
txn_00530,1554.66,Card,PNB,insufficient_funds,2,0,0,0
txn_00531,598.7,Card,ICICI,otp_timeout,2,0,0,0
txn_00532,448.11,Card,SBI,bank_server_down,14,1,2,1
txn_00533,1182.44,Netbanking,PNB,insufficient_funds,15,0,0,0
txn_00534,836.57,UPI,HDFC,network_error,5,1,2,0
txn_00535,3687.37,Card,HDFC,card_declined,23,0,1,1
txn_00536,1145.37,UPI,PNB,insufficient_funds,2,1,1,1
txn_00537,812.25,UPI,HDFC,network_error,16,0,0,0
txn_00538,320.04,UPI,Kotak,insufficient_funds,5,0,0,0
txn_00539,518.86,Card,Axis,otp_timeout,10,1,0,1
txn_00540,622.68,Card,PNB,bank_server_down,14,0,0,0
txn_00541,1043.83,UPI,Yes Bank,network_error,4,1,0,1
txn_00542,605.69,UPI,Kotak,insufficient_funds,12,1,0,0
txn_00543,2504.38,Card,Kotak,card_declined,5,1,0,0
txn_00544,1079.71,UPI,PNB,network_error,12,1,0,0
txn_00545,1055.39,UPI,Yes Bank,bank_server_down,16,1,1,1
txn_00546,2181.39,UPI,Yes Bank,bank_server_down,3,1,1,0
txn_00547,3088.88,UPI,PNB,insufficient_funds,18,1,0,0
txn_00548,1001.7,Card,Axis,bank_server_down,11,1,1,0
txn_00549,787.36,UPI,HDFC,insufficient_funds,3,1,1,0
txn_00550,456.21,UPI,PNB,bank_server_down,15,0,0,0
txn_00551,468.9,Netbanking,PNB,insufficient_funds,21,0,3,0
txn_00552,632.52,UPI,ICICI,network_error,6,1,1,1
txn_00553,351.03,Card,ICICI,insufficient_funds,4,1,0,0
txn_00554,447.31,Netbanking,PNB,bank_server_down,22,1,0,0
txn_00555,509.9,UPI,HDFC,otp_timeout,9,1,0,1
txn_00556,3003.8,UPI,SBI,insufficient_funds,4,1,2,0
txn_00557,332.9,UPI,Yes Bank,network_error,22,0,3,0
txn_00558,320.67,Card,PNB,insufficient_funds,8,0,0,1
txn_00559,954.72,UPI,Axis,network_error,22,1,0,1
txn_00560,287.01,UPI,HDFC,bank_server_down,8,0,0,0
txn_00561,531.26,UPI,SBI,insufficient_funds,20,1,3,0
txn_00562,451.2,UPI,ICICI,network_error,18,0,0,1
txn_00563,165.84,UPI,Axis,insufficient_funds,14,0,1,0
txn_00564,704.7,Card,Yes Bank,insufficient_funds,14,0,2,0
txn_00565,325.16,UPI,Axis,network_error,12,1,2,0
txn_00566,91.34,UPI,Kotak,network_error,11,0,0,1
txn_00567,361.4,Card,Axis,bank_server_down,4,1,0,1
txn_00568,340.7,Card,Kotak,insufficient_funds,22,0,0,0
txn_00569,255.31,UPI,Yes Bank,network_error,15,0,2,0
txn_00570,182.4,UPI,ICICI,otp_timeout,14,0,0,1
txn_00571,193.62,UPI,PNB,insufficient_funds,19,1,2,0
txn_00572,2701.14,UPI,Yes Bank,insufficient_funds,11,0,3,0
txn_00573,212.37,Wallet,SBI,network_error,2,1,2,0
txn_00574,143.3,UPI,ICICI,insufficient_funds,23,1,2,0
txn_00575,101.49,Netbanking,SBI,bank_server_down,10,1,1,0
txn_00576,256.64,Netbanking,PNB,bank_server_down,9,1,1,0
txn_00577,337.99,UPI,SBI,network_error,17,1,2,0
txn_00578,3372.01,Card,HDFC,insufficient_funds,21,1,0,0
txn_00579,1664.56,UPI,Axis,bank_server_down,7,0,1,0
txn_00580,463.86,UPI,Yes Bank,network_error,17,0,1,1
txn_00581,505.58,UPI,ICICI,network_error,7,0,0,1
txn_00582,227.95,Netbanking,Axis,insufficient_funds,3,0,0,0
txn_00583,4498.14,Wallet,Kotak,insufficient_funds,11,1,0,0
txn_00584,969.06,UPI,Yes Bank,bank_server_down,21,0,1,0
txn_00585,907.97,UPI,Kotak,network_error,23,1,1,0
txn_00586,1277.48,Netbanking,SBI,insufficient_funds,7,0,0,0
txn_00587,213.22,Card,HDFC,card_declined,22,1,0,1
txn_00588,838.36,UPI,HDFC,bank_server_down,12,1,1,0
txn_00589,1269.64,UPI,SBI,otp_timeout,20,1,0,1
txn_00590,1222.2,UPI,PNB,network_error,5,1,0,1
txn_00591,10572.16,Wallet,SBI,insufficient_funds,7,0,0,0
txn_00592,2747.73,UPI,PNB,bank_server_down,15,1,1,1
txn_00593,55.27,UPI,PNB,otp_timeout,16,1,2,0
txn_00594,1545.08,Card,HDFC,otp_timeout,11,1,1,0
txn_00595,2222.7,Netbanking,Yes Bank,insufficient_funds,5,0,1,0
txn_00596,2820.62,Card,Axis,bank_server_down,10,0,0,1
txn_00597,639.88,UPI,ICICI,insufficient_funds,10,0,1,0
txn_00598,141.32,Netbanking,SBI,insufficient_funds,9,1,0,0
txn_00599,860.9,Card,Yes Bank,bank_server_down,5,1,0,1
txn_00600,1827.5,UPI,Axis,bank_server_down,11,0,2,0
txn_00601,1406.76,UPI,HDFC,otp_timeout,21,0,3,0
txn_00602,250.02,Netbanking,PNB,session_timeout,8,0,0,1
txn_00603,155.85,Wallet,ICICI,insufficient_funds,21,1,0,0
txn_00604,905.14,UPI,Axis,otp_timeout,5,0,1,1
txn_00605,645.23,Card,Yes Bank,bank_server_down,22,1,1,0
txn_00606,797.73,UPI,ICICI,bank_server_down,17,1,0,0
txn_00607,120.38,UPI,ICICI,network_error,16,1,1,1
txn_00608,282.71,UPI,ICICI,otp_timeout,19,0,1,1
txn_00609,237.95,UPI,Axis,otp_timeout,15,1,2,1
txn_00610,478.83,Card,PNB,bank_server_down,8,1,0,0
txn_00611,92.2,Card,Yes Bank,bank_server_down,17,0,0,1
txn_00612,248.86,UPI,ICICI,insufficient_funds,11,0,0,0
txn_00613,131.79,Card,Kotak,insufficient_funds,9,1,2,1
txn_00614,338.68,UPI,HDFC,bank_server_down,14,1,0,0
txn_00615,444.49,UPI,PNB,insufficient_funds,17,0,0,0
txn_00616,921.35,UPI,ICICI,insufficient_funds,16,1,0,0
txn_00617,2226.86,Netbanking,ICICI,bank_server_down,22,1,0,1
txn_00618,1180.56,UPI,Axis,network_error,8,0,2,1
txn_00619,185.62,Card,Kotak,bank_server_down,9,1,0,1
txn_00620,281.74,UPI,SBI,insufficient_funds,2,0,0,0
txn_00621,1500.49,UPI,PNB,bank_server_down,19,1,0,0
txn_00622,777.97,Card,Kotak,otp_timeout,12,0,2,1
txn_00623,1851.09,Netbanking,Yes Bank,bank_server_down,4,1,0,1
txn_00624,1267.97,UPI,HDFC,otp_timeout,13,0,0,0
txn_00625,1401.07,Card,SBI,card_declined,17,1,0,1
txn_00626,567.4,Card,PNB,card_declined,14,1,1,1
txn_00627,437.7,UPI,HDFC,bank_server_down,15,1,1,1
txn_00628,479.61,UPI,Yes Bank,otp_timeout,21,1,0,1
txn_00629,537.29,UPI,PNB,insufficient_funds,11,0,0,0
txn_00630,1099.61,Card,SBI,otp_timeout,21,1,0,1
txn_00631,469.52,Card,Yes Bank,otp_timeout,23,1,0,1
txn_00632,1027.38,UPI,SBI,otp_timeout,16,1,2,0
txn_00633,1070.02,UPI,Yes Bank,otp_timeout,22,1,0,1
txn_00634,117.92,Card,Kotak,insufficient_funds,20,1,0,0
txn_00635,4373.31,Card,SBI,otp_timeout,22,1,2,1
txn_00636,359.08,UPI,Kotak,otp_timeout,11,0,1,0
txn_00637,243.8,UPI,ICICI,network_error,19,1,0,0
txn_00638,221.83,UPI,Kotak,bank_server_down,16,0,0,0
txn_00639,691.7,Card,HDFC,insufficient_funds,17,1,2,0
txn_00640,339.83,UPI,SBI,bank_server_down,18,1,1,0
txn_00641,744.68,UPI,Yes Bank,otp_timeout,3,0,0,1
txn_00642,493.99,Card,ICICI,card_declined,15,0,0,0
txn_00643,2470.03,UPI,Axis,network_error,22,0,0,1
txn_00644,450.92,Card,Yes Bank,bank_server_down,9,1,1,0
txn_00645,991.68,UPI,Kotak,otp_timeout,14,0,2,0
txn_00646,1289.64,UPI,HDFC,network_error,4,1,1,0
txn_00647,96.67,Card,Kotak,bank_server_down,9,1,0,0
txn_00648,108.5,Card,PNB,insufficient_funds,23,0,1,0
txn_00649,230.76,Netbanking,PNB,insufficient_funds,20,1,0,1
txn_00650,604.67,Card,HDFC,otp_timeout,16,0,3,0
txn_00651,1009.22,Card,PNB,insufficient_funds,2,0,0,0
txn_00652,142.19,Card,SBI,insufficient_funds,14,1,2,0
txn_00653,353.27,Card,Axis,otp_timeout,2,1,0,0
txn_00654,650.0,UPI,SBI,otp_timeout,7,1,0,1
txn_00655,320.96,UPI,HDFC,insufficient_funds,12,1,2,0
txn_00656,432.91,UPI,ICICI,insufficient_funds,22,1,1,0
txn_00657,1608.48,UPI,ICICI,network_error,2,0,0,1
txn_00658,449.2,UPI,Yes Bank,network_error,21,1,0,0
txn_00659,1328.92,Card,Yes Bank,bank_server_down,2,1,0,0
txn_00660,468.38,Card,SBI,bank_server_down,8,1,1,0
txn_00661,1900.73,UPI,Kotak,otp_timeout,16,1,2,0
txn_00662,1067.47,Card,Yes Bank,otp_timeout,16,0,0,1
txn_00663,1698.21,UPI,ICICI,insufficient_funds,14,1,1,0
txn_00664,578.03,UPI,SBI,bank_server_down,23,1,1,1
txn_00665,904.71,Netbanking,Kotak,bank_server_down,1,0,0,0
txn_00666,675.35,UPI,Yes Bank,insufficient_funds,5,0,0,0
txn_00667,1896.66,UPI,HDFC,network_error,19,1,1,1
txn_00668,436.98,Netbanking,ICICI,bank_server_down,22,1,1,0
txn_00669,336.04,Card,PNB,card_declined,4,0,0,0
txn_00670,1333.45,Card,HDFC,card_declined,21,1,0,0
txn_00671,11899.27,UPI,ICICI,insufficient_funds,0,0,1,0
txn_00672,1581.18,UPI,SBI,insufficient_funds,9,0,0,1
txn_00673,1810.7,UPI,PNB,bank_server_down,9,0,1,0
txn_00674,1738.37,UPI,HDFC,otp_timeout,16,1,2,1
txn_00675,1174.63,Card,ICICI,bank_server_down,2,1,0,1
txn_00676,523.1,UPI,ICICI,otp_timeout,17,0,1,1
txn_00677,1662.46,UPI,Axis,bank_server_down,18,0,0,1
txn_00678,304.29,UPI,HDFC,bank_server_down,14,0,0,0
txn_00679,311.16,UPI,Yes Bank,bank_server_down,21,1,2,0
txn_00680,2365.21,UPI,HDFC,insufficient_funds,16,0,1,0
txn_00681,250.69,Netbanking,SBI,insufficient_funds,18,0,0,1
txn_00682,3676.91,UPI,Kotak,otp_timeout,15,0,2,0
txn_00683,561.87,UPI,HDFC,network_error,9,1,0,0
txn_00684,1911.3,Wallet,Kotak,insufficient_funds,12,0,1,0
txn_00685,672.06,Card,ICICI,insufficient_funds,16,1,1,0
txn_00686,282.45,Card,Yes Bank,otp_timeout,17,0,0,0
txn_00687,733.38,UPI,PNB,network_error,0,0,0,1
txn_00688,445.9,Netbanking,Kotak,session_timeout,22,1,0,1
txn_00689,870.7,Card,SBI,otp_timeout,1,1,1,0
txn_00690,4402.8,Netbanking,PNB,session_timeout,5,0,0,1
txn_00691,1315.72,Netbanking,Yes Bank,bank_server_down,0,0,0,0
txn_00692,1980.02,Card,HDFC,bank_server_down,16,0,0,0
txn_00693,418.66,UPI,ICICI,insufficient_funds,12,0,1,0
txn_00694,767.25,Card,HDFC,otp_timeout,10,0,0,1
txn_00695,373.25,UPI,HDFC,otp_timeout,23,1,0,1
txn_00696,915.55,UPI,HDFC,network_error,22,0,0,0
txn_00697,3475.93,Card,Axis,card_declined,12,0,0,1
txn_00698,1234.11,UPI,ICICI,insufficient_funds,10,0,0,0
txn_00699,3009.28,UPI,PNB,insufficient_funds,19,1,1,0
txn_00700,1337.18,Card,Kotak,otp_timeout,16,0,0,1
txn_00701,516.49,Card,HDFC,otp_timeout,2,1,1,1
txn_00702,459.65,UPI,Axis,network_error,21,1,0,0
txn_00703,638.03,UPI,Axis,network_error,6,1,1,1
txn_00704,148.56,UPI,ICICI,otp_timeout,19,1,0,1
txn_00705,606.77,Netbanking,HDFC,session_timeout,11,1,1,1
txn_00706,354.84,Card,Kotak,bank_server_down,9,1,0,1
txn_00707,601.66,Netbanking,Axis,session_timeout,19,1,2,0
txn_00708,103.5,Card,Axis,insufficient_funds,13,0,2,0
txn_00709,1578.52,UPI,SBI,bank_server_down,20,0,0,1
txn_00710,732.87,UPI,SBI,otp_timeout,4,0,0,1
txn_00711,575.77,Card,Kotak,card_declined,14,0,0,1
txn_00712,1002.68,Card,HDFC,otp_timeout,2,0,0,1
txn_00713,808.9,UPI,PNB,bank_server_down,1,0,1,0
txn_00714,4990.42,UPI,SBI,otp_timeout,12,1,1,0
txn_00715,2417.88,Card,SBI,insufficient_funds,11,1,1,0
txn_00716,518.34,Card,PNB,card_declined,7,0,0,1
txn_00717,8116.42,Netbanking,Axis,bank_server_down,9,1,1,0
txn_00718,1153.77,UPI,Kotak,network_error,23,0,0,0
txn_00719,547.48,Netbanking,Kotak,session_timeout,11,1,0,0
txn_00720,2167.56,Card,Yes Bank,bank_server_down,20,1,1,0
txn_00721,200.46,UPI,SBI,bank_server_down,23,1,0,1
txn_00722,438.54,UPI,ICICI,bank_server_down,9,1,0,0
txn_00723,2038.13,UPI,Yes Bank,insufficient_funds,6,1,2,0
txn_00724,5825.13,UPI,ICICI,network_error,21,1,0,1
txn_00725,160.18,Netbanking,Kotak,session_timeout,22,1,3,1
txn_00726,229.47,Netbanking,PNB,bank_server_down,18,1,0,0
txn_00727,1799.4,UPI,HDFC,network_error,23,1,0,1
txn_00728,554.1,UPI,ICICI,bank_server_down,2,1,1,0
txn_00729,429.99,UPI,SBI,network_error,17,0,1,1
txn_00730,239.92,Card,ICICI,insufficient_funds,7,1,2,0
txn_00731,817.59,UPI,SBI,bank_server_down,19,1,0,0
txn_00732,1427.53,UPI,PNB,insufficient_funds,14,0,1,0
txn_00733,2053.65,UPI,ICICI,otp_timeout,4,1,0,1
txn_00734,990.73,UPI,PNB,network_error,9,0,0,0
txn_00735,1029.91,Netbanking,Axis,bank_server_down,11,1,1,0
txn_00736,527.51,UPI,ICICI,bank_server_down,12,1,0,1
txn_00737,176.58,UPI,HDFC,insufficient_funds,23,1,2,1
txn_00738,280.61,UPI,PNB,bank_server_down,21,0,0,1
txn_00739,131.25,Card,Axis,card_declined,22,0,2,0
txn_00740,2092.32,Netbanking,ICICI,insufficient_funds,3,1,0,0
txn_00741,305.71,UPI,Axis,network_error,4,0,0,0
txn_00742,831.38,UPI,SBI,insufficient_funds,21,0,1,0
txn_00743,1912.53,UPI,HDFC,insufficient_funds,8,1,0,1
txn_00744,3505.46,UPI,Yes Bank,insufficient_funds,15,1,1,1
txn_00745,701.19,Card,HDFC,otp_timeout,12,1,0,1
txn_00746,397.51,UPI,Axis,insufficient_funds,17,1,0,0
txn_00747,848.55,UPI,PNB,network_error,22,0,0,0
txn_00748,2308.91,UPI,Kotak,insufficient_funds,18,0,0,0
txn_00749,671.88,UPI,Axis,insufficient_funds,12,0,0,0
txn_00750,653.3,UPI,ICICI,otp_timeout,8,0,2,0
txn_00751,542.06,Card,Axis,bank_server_down,18,1,0,1
txn_00752,1306.89,Card,Yes Bank,card_declined,10,0,1,0
txn_00753,582.52,Card,HDFC,insufficient_funds,10,1,0,0
txn_00754,1992.81,Netbanking,HDFC,insufficient_funds,15,1,1,0
txn_00755,138.98,UPI,Axis,otp_timeout,23,1,0,0
txn_00756,2282.26,Netbanking,HDFC,bank_server_down,2,0,0,0
txn_00757,931.68,UPI,PNB,network_error,19,0,2,0
txn_00758,298.64,Card,Yes Bank,otp_timeout,8,0,2,1
txn_00759,187.84,UPI,PNB,bank_server_down,9,1,1,0
txn_00760,300.98,UPI,Yes Bank,network_error,17,0,1,0
txn_00761,1322.75,UPI,Kotak,network_error,5,0,0,0
txn_00762,487.67,UPI,Axis,insufficient_funds,9,1,1,0
txn_00763,364.62,Card,SBI,otp_timeout,16,1,0,1
txn_00764,2813.0,UPI,Axis,otp_timeout,12,1,0,1
txn_00765,711.52,UPI,PNB,insufficient_funds,6,1,0,1
txn_00766,820.19,Card,ICICI,otp_timeout,11,1,2,1
txn_00767,223.27,UPI,Axis,bank_server_down,8,1,0,1
txn_00768,1421.57,Wallet,Kotak,network_error,19,0,2,0
txn_00769,496.83,UPI,PNB,insufficient_funds,15,1,0,0
txn_00770,603.57,UPI,HDFC,insufficient_funds,4,1,0,1
txn_00771,90.55,UPI,ICICI,bank_server_down,14,1,3,0
txn_00772,305.18,Card,PNB,otp_timeout,22,0,0,0
txn_00773,815.04,UPI,ICICI,network_error,14,0,2,0
txn_00774,377.47,UPI,Yes Bank,bank_server_down,6,0,2,0
txn_00775,216.98,Card,Axis,insufficient_funds,18,1,1,0
txn_00776,531.45,UPI,Yes Bank,network_error,3,0,0,1
txn_00777,1846.6,UPI,Axis,otp_timeout,7,0,1,1
txn_00778,1269.32,Card,Axis,bank_server_down,1,0,0,0
txn_00779,185.86,Card,ICICI,insufficient_funds,14,0,2,0
txn_00780,781.24,Wallet,Kotak,network_error,12,1,0,0
txn_00781,264.39,Card,Kotak,otp_timeout,2,0,1,0
txn_00782,423.62,UPI,ICICI,bank_server_down,10,1,0,1
txn_00783,3817.6,UPI,Axis,otp_timeout,1,0,0,1
txn_00784,363.96,Netbanking,SBI,session_timeout,5,0,2,0
txn_00785,914.07,UPI,HDFC,otp_timeout,7,1,1,1
txn_00786,339.51,UPI,PNB,bank_server_down,18,0,1,0
txn_00787,831.53,Card,ICICI,otp_timeout,0,0,1,1
txn_00788,1009.26,UPI,Kotak,otp_timeout,20,0,1,1
txn_00789,525.09,UPI,Kotak,insufficient_funds,6,0,0,0
txn_00790,1113.08,Netbanking,ICICI,bank_server_down,18,1,0,1
txn_00791,1510.09,UPI,Axis,bank_server_down,2,1,1,0
txn_00792,418.65,Wallet,SBI,insufficient_funds,5,1,0,1
txn_00793,165.29,Card,HDFC,otp_timeout,2,1,0,0
txn_00794,564.31,Card,Axis,otp_timeout,11,1,2,1
txn_00795,591.57,UPI,Yes Bank,otp_timeout,9,0,0,0
txn_00796,74.36,UPI,HDFC,insufficient_funds,20,1,1,0
txn_00797,475.75,UPI,Yes Bank,insufficient_funds,15,0,1,0
txn_00798,834.38,Netbanking,PNB,insufficient_funds,5,1,1,0
txn_00799,379.34,Netbanking,HDFC,bank_server_down,6,0,0,1
txn_00800,3377.32,Netbanking,Axis,session_timeout,15,1,1,1
txn_00801,2447.8,Card,Axis,bank_server_down,12,0,0,0
txn_00802,112.12,Netbanking,Yes Bank,session_timeout,23,1,0,1
txn_00803,935.46,Netbanking,PNB,bank_server_down,4,1,1,0
txn_00804,1246.01,Card,ICICI,card_declined,22,1,0,1
txn_00805,2588.68,Netbanking,Kotak,session_timeout,5,1,0,0
txn_00806,1270.3,Netbanking,Yes Bank,bank_server_down,19,1,0,1
txn_00807,662.5,UPI,Yes Bank,otp_timeout,14,1,1,1
txn_00808,472.8,Card,Kotak,insufficient_funds,9,1,1,1
txn_00809,657.5,UPI,HDFC,insufficient_funds,21,1,1,0
txn_00810,125.8,Netbanking,ICICI,insufficient_funds,16,1,0,0
txn_00811,496.94,Netbanking,PNB,session_timeout,20,1,1,0
txn_00812,1532.25,UPI,Yes Bank,bank_server_down,15,1,1,0
txn_00813,105.79,UPI,SBI,otp_timeout,19,1,1,1
txn_00814,482.85,UPI,ICICI,bank_server_down,1,1,1,0
txn_00815,271.36,UPI,Yes Bank,bank_server_down,20,1,1,0
txn_00816,4649.87,UPI,HDFC,otp_timeout,6,0,2,0
txn_00817,470.85,UPI,SBI,otp_timeout,17,0,1,1
txn_00818,963.15,UPI,SBI,otp_timeout,0,1,2,1
txn_00819,1193.1,UPI,ICICI,bank_server_down,14,0,1,0
txn_00820,562.53,UPI,ICICI,otp_timeout,5,0,2,0
txn_00821,803.84,Netbanking,HDFC,bank_server_down,5,0,0,1
txn_00822,448.33,UPI,Axis,bank_server_down,12,1,0,0
txn_00823,915.61,UPI,Axis,otp_timeout,2,0,0,1
txn_00824,4276.91,UPI,SBI,bank_server_down,6,1,2,0
txn_00825,757.24,UPI,HDFC,network_error,11,1,0,1
txn_00826,786.12,UPI,ICICI,network_error,1,1,0,1
txn_00827,691.18,UPI,Kotak,insufficient_funds,23,1,1,0
txn_00828,930.32,Netbanking,HDFC,session_timeout,17,0,0,0
txn_00829,541.6,Netbanking,SBI,session_timeout,17,0,0,1
txn_00830,1229.21,Netbanking,PNB,bank_server_down,18,1,1,0
txn_00831,278.89,UPI,ICICI,insufficient_funds,18,1,0,0
txn_00832,273.87,Card,SBI,card_declined,22,0,0,0
txn_00833,1439.13,UPI,Kotak,otp_timeout,16,1,0,0
txn_00834,156.5,Card,PNB,card_declined,15,1,1,0
txn_00835,626.91,UPI,ICICI,otp_timeout,5,1,0,1
txn_00836,1324.78,Card,Axis,insufficient_funds,21,1,1,0
txn_00837,396.01,UPI,PNB,network_error,6,0,2,0
txn_00838,635.53,UPI,PNB,insufficient_funds,12,1,2,0
txn_00839,348.83,UPI,ICICI,network_error,5,0,1,0
txn_00840,556.32,UPI,HDFC,network_error,0,1,1,0
txn_00841,104.98,UPI,ICICI,otp_timeout,12,1,0,1
txn_00842,990.15,Wallet,ICICI,network_error,14,1,0,1
txn_00843,1838.36,Netbanking,SBI,session_timeout,23,0,1,1
txn_00844,1107.83,UPI,SBI,bank_server_down,0,0,1,1
txn_00845,2374.57,Card,Kotak,card_declined,0,1,2,0
txn_00846,1085.81,Card,Axis,bank_server_down,23,1,3,0
txn_00847,1150.16,Netbanking,Kotak,insufficient_funds,16,0,3,0
txn_00848,839.37,UPI,SBI,network_error,1,1,0,1
txn_00849,16749.63,Card,ICICI,card_declined,19,1,0,0
txn_00850,3270.41,UPI,ICICI,otp_timeout,5,0,2,0
txn_00851,678.13,Netbanking,SBI,bank_server_down,18,1,1,0
txn_00852,888.49,UPI,HDFC,insufficient_funds,19,1,0,0
txn_00853,270.2,UPI,ICICI,network_error,15,0,0,0
txn_00854,1193.55,Netbanking,Yes Bank,session_timeout,8,0,0,1
txn_00855,459.33,Wallet,ICICI,insufficient_funds,3,0,0,0
txn_00856,179.9,Card,ICICI,card_declined,4,0,0,0
txn_00857,106.75,Card,PNB,card_declined,13,1,0,1
txn_00858,1045.58,UPI,SBI,otp_timeout,18,1,0,0
txn_00859,74.94,UPI,HDFC,insufficient_funds,7,1,0,0
txn_00860,622.11,Card,SBI,insufficient_funds,19,1,3,0
txn_00861,2848.81,UPI,ICICI,otp_timeout,16,0,0,1
txn_00862,1104.36,Card,Axis,otp_timeout,3,0,0,1
txn_00863,628.04,UPI,HDFC,bank_server_down,8,1,0,0
txn_00864,165.86,Card,HDFC,otp_timeout,1,1,0,0
txn_00865,897.9,Card,PNB,insufficient_funds,23,0,0,0
txn_00866,3208.03,UPI,Axis,network_error,19,1,0,0
txn_00867,1162.28,Card,Axis,insufficient_funds,9,1,0,0
txn_00868,884.15,UPI,SBI,insufficient_funds,22,0,1,0
txn_00869,1827.97,UPI,Kotak,bank_server_down,10,0,0,0
txn_00870,2135.32,UPI,ICICI,bank_server_down,10,1,3,0
txn_00871,1131.13,UPI,ICICI,insufficient_funds,17,0,0,1
txn_00872,1148.4,UPI,Axis,network_error,23,0,0,0
txn_00873,300.82,Card,SBI,bank_server_down,21,1,2,0
txn_00874,613.94,Card,Kotak,bank_server_down,18,1,1,0
txn_00875,329.27,UPI,HDFC,network_error,16,1,1,1
txn_00876,362.13,Card,Axis,bank_server_down,22,1,0,0
txn_00877,241.17,UPI,Yes Bank,otp_timeout,13,0,0,1
txn_00878,255.83,UPI,Yes Bank,bank_server_down,17,1,0,0
txn_00879,962.3,Card,PNB,card_declined,1,1,0,0
txn_00880,1873.82,Netbanking,SBI,session_timeout,7,1,0,1
txn_00881,343.38,UPI,Kotak,otp_timeout,16,0,1,1
txn_00882,205.82,UPI,Kotak,bank_server_down,6,0,0,1
txn_00883,117.37,UPI,Axis,bank_server_down,17,0,1,0
txn_00884,920.73,UPI,Axis,insufficient_funds,18,1,1,1
txn_00885,613.97,Netbanking,Kotak,insufficient_funds,13,0,1,0
txn_00886,750.59,UPI,HDFC,network_error,6,0,0,1
txn_00887,279.0,UPI,SBI,insufficient_funds,20,1,3,0
txn_00888,562.62,UPI,Yes Bank,insufficient_funds,15,1,3,0
txn_00889,169.96,UPI,Kotak,insufficient_funds,1,1,0,0
txn_00890,317.42,Card,PNB,bank_server_down,14,1,1,1
txn_00891,175.11,UPI,HDFC,insufficient_funds,19,0,1,0
txn_00892,213.95,UPI,HDFC,bank_server_down,2,1,1,1
txn_00893,571.5,Card,SBI,bank_server_down,22,1,0,0
txn_00894,229.71,Card,PNB,otp_timeout,7,1,0,1
txn_00895,1006.9,UPI,Axis,insufficient_funds,16,1,0,1
txn_00896,874.06,UPI,HDFC,network_error,20,0,1,1
txn_00897,172.91,UPI,Axis,otp_timeout,14,0,0,0
txn_00898,909.28,UPI,Axis,bank_server_down,6,1,0,0
txn_00899,3953.89,UPI,Yes Bank,network_error,11,0,1,1
txn_00900,3288.94,Netbanking,Axis,insufficient_funds,6,1,0,0
txn_00901,1385.13,Netbanking,ICICI,bank_server_down,8,1,0,0
txn_00902,5842.71,Netbanking,Axis,bank_server_down,17,1,0,0
txn_00903,1337.27,UPI,Axis,bank_server_down,11,1,0,0
txn_00904,1226.3,Card,HDFC,card_declined,4,1,2,0
txn_00905,3422.23,UPI,HDFC,insufficient_funds,2,1,1,0
txn_00906,510.1,Wallet,PNB,insufficient_funds,7,1,1,0
txn_00907,2225.69,Wallet,Yes Bank,network_error,15,1,2,0
txn_00908,1106.54,UPI,Yes Bank,otp_timeout,15,1,0,1
txn_00909,729.14,UPI,HDFC,network_error,11,0,0,1
txn_00910,767.36,UPI,Axis,network_error,5,1,0,1
txn_00911,834.4,UPI,Yes Bank,otp_timeout,4,1,1,1
txn_00912,3114.11,Card,Yes Bank,otp_timeout,19,1,0,1
txn_00913,724.43,UPI,Yes Bank,bank_server_down,7,1,0,1
txn_00914,318.8,UPI,SBI,bank_server_down,21,1,0,0
txn_00915,647.68,UPI,PNB,bank_server_down,23,0,1,0
txn_00916,1618.34,UPI,ICICI,otp_timeout,16,1,0,1
txn_00917,216.64,Netbanking,SBI,insufficient_funds,16,1,1,1
txn_00918,992.51,Card,SBI,card_declined,4,1,1,1
txn_00919,813.75,Card,SBI,insufficient_funds,20,1,0,0
txn_00920,193.71,UPI,ICICI,network_error,16,0,0,0
txn_00921,99.63,UPI,HDFC,network_error,20,0,0,1
txn_00922,505.87,UPI,HDFC,otp_timeout,11,1,0,1
txn_00923,655.72,UPI,SBI,bank_server_down,4,0,1,1
txn_00924,1191.16,Card,PNB,card_declined,1,0,1,1
txn_00925,423.83,Card,Kotak,insufficient_funds,15,1,2,0
txn_00926,1723.62,Card,PNB,insufficient_funds,8,1,2,0
txn_00927,457.88,UPI,PNB,insufficient_funds,5,1,0,1
txn_00928,96.19,Card,Yes Bank,card_declined,6,1,1,1
txn_00929,1335.1,UPI,ICICI,network_error,10,0,1,1
txn_00930,275.5,UPI,ICICI,otp_timeout,22,0,0,0
txn_00931,2708.54,Card,Kotak,card_declined,1,1,0,1
txn_00932,180.98,Card,Kotak,insufficient_funds,22,1,0,0
txn_00933,104.27,Card,Yes Bank,bank_server_down,13,1,0,0
txn_00934,857.85,Card,HDFC,otp_timeout,13,0,1,1
txn_00935,357.18,UPI,HDFC,network_error,13,0,0,0
txn_00936,589.26,Card,PNB,insufficient_funds,20,1,0,1
txn_00937,1648.28,UPI,ICICI,bank_server_down,10,1,2,0
txn_00938,366.68,UPI,SBI,bank_server_down,0,0,1,0
txn_00939,766.46,UPI,ICICI,network_error,18,0,1,0
txn_00940,541.32,Card,HDFC,bank_server_down,17,1,0,0
txn_00941,375.25,Card,ICICI,card_declined,23,0,2,0
txn_00942,1409.33,UPI,Axis,bank_server_down,5,1,0,0
txn_00943,1279.76,Netbanking,ICICI,session_timeout,14,1,0,1
txn_00944,4385.2,UPI,HDFC,network_error,10,0,0,1
txn_00945,138.82,UPI,ICICI,network_error,0,1,0,0
txn_00946,566.12,UPI,Axis,insufficient_funds,0,0,0,1
txn_00947,1288.67,UPI,Axis,insufficient_funds,22,1,1,0
txn_00948,945.55,Card,Yes Bank,insufficient_funds,2,0,1,0
txn_00949,1123.05,UPI,Axis,otp_timeout,10,0,1,1
txn_00950,572.9,UPI,ICICI,bank_server_down,18,0,1,0
txn_00951,107.56,UPI,PNB,insufficient_funds,19,0,0,1
txn_00952,302.55,Card,Axis,card_declined,12,0,0,1
txn_00953,317.98,Netbanking,SBI,insufficient_funds,8,0,1,0
txn_00954,4479.64,UPI,HDFC,insufficient_funds,21,0,0,1
txn_00955,158.21,Netbanking,Axis,session_timeout,10,1,0,0
txn_00956,792.49,Card,HDFC,card_declined,6,1,3,0
txn_00957,253.34,UPI,PNB,insufficient_funds,4,0,1,0
txn_00958,2265.32,UPI,PNB,network_error,22,1,0,1
txn_00959,553.68,Card,Axis,insufficient_funds,4,0,1,1
txn_00960,470.04,Wallet,Axis,insufficient_funds,15,1,2,0
txn_00961,1437.7,Card,SBI,bank_server_down,5,1,0,1
txn_00962,1236.63,UPI,ICICI,otp_timeout,3,0,0,0
txn_00963,18.5,Netbanking,Yes Bank,bank_server_down,1,1,0,0
txn_00964,276.96,UPI,Kotak,network_error,22,0,0,1
txn_00965,282.08,UPI,SBI,network_error,9,0,1,0
txn_00966,855.9,Netbanking,HDFC,session_timeout,17,1,0,1
txn_00967,2347.28,Card,HDFC,insufficient_funds,4,0,1,1
txn_00968,1412.23,Card,Yes Bank,otp_timeout,17,1,0,1
txn_00969,1512.32,Card,Kotak,bank_server_down,15,1,0,0
txn_00970,280.32,Netbanking,Kotak,session_timeout,10,0,3,0
txn_00971,522.87,UPI,ICICI,bank_server_down,8,0,2,0
txn_00972,536.76,UPI,Yes Bank,bank_server_down,6,1,1,0
txn_00973,2035.36,UPI,SBI,network_error,7,1,0,1
txn_00974,328.95,Netbanking,PNB,session_timeout,14,0,0,1
txn_00975,355.74,Wallet,SBI,insufficient_funds,12,1,0,0
txn_00976,1196.07,UPI,ICICI,bank_server_down,4,1,0,0
txn_00977,338.86,UPI,ICICI,insufficient_funds,10,1,0,1
txn_00978,29.03,UPI,SBI,otp_timeout,19,0,0,0
txn_00979,2857.44,Netbanking,ICICI,session_timeout,17,1,0,1
txn_00980,1323.36,UPI,PNB,insufficient_funds,18,0,2,0
txn_00981,360.33,UPI,Axis,insufficient_funds,20,0,0,0
txn_00982,896.9,Netbanking,Yes Bank,insufficient_funds,20,1,2,0
txn_00983,858.31,Card,Axis,bank_server_down,8,1,1,0
txn_00984,91.91,UPI,Axis,bank_server_down,20,0,1,0
txn_00985,508.31,Card,Yes Bank,card_declined,15,0,1,1
txn_00986,561.24,UPI,Kotak,bank_server_down,7,0,0,1
txn_00987,3417.76,Card,SBI,card_declined,16,1,3,0
txn_00988,168.36,UPI,SBI,network_error,22,1,0,1
txn_00989,1749.83,UPI,Axis,bank_server_down,13,1,1,1
txn_00990,145.95,UPI,Kotak,insufficient_funds,23,0,0,0
txn_00991,189.93,Netbanking,Yes Bank,bank_server_down,1,1,2,0
txn_00992,530.01,Netbanking,Yes Bank,bank_server_down,13,1,0,0
txn_00993,577.23,Card,PNB,otp_timeout,0,0,0,0
txn_00994,1229.19,Card,HDFC,bank_server_down,4,0,1,0
txn_00995,69.78,UPI,HDFC,insufficient_funds,1,1,0,0
txn_00996,525.22,Netbanking,SBI,insufficient_funds,3,1,3,0
txn_00997,936.83,Card,Kotak,otp_timeout,10,1,1,1
txn_00998,1419.67,UPI,HDFC,bank_server_down,12,1,2,0
txn_00999,174.17,UPI,Kotak,insufficient_funds,19,0,1,0
txn_01000,837.06,UPI,ICICI,bank_server_down,16,1,0,0
txn_01001,397.4,Netbanking,HDFC,insufficient_funds,18,1,0,0
txn_01002,686.42,Netbanking,Yes Bank,session_timeout,11,1,1,0
txn_01003,1326.2,UPI,ICICI,bank_server_down,9,0,0,0
txn_01004,172.75,Card,PNB,card_declined,0,1,1,0
txn_01005,675.65,Card,PNB,card_declined,1,1,0,0
txn_01006,832.49,Card,PNB,insufficient_funds,16,0,0,0
txn_01007,1098.6,Netbanking,PNB,session_timeout,6,1,0,1
txn_01008,551.03,Wallet,ICICI,network_error,8,0,2,0
txn_01009,599.69,Card,PNB,otp_timeout,17,1,0,0
txn_01010,871.36,UPI,PNB,otp_timeout,7,1,2,1
txn_01011,453.62,UPI,Yes Bank,otp_timeout,17,1,0,1
txn_01012,3699.33,Card,PNB,otp_timeout,12,1,1,1
txn_01013,603.34,Netbanking,HDFC,bank_server_down,19,0,1,0
txn_01014,531.67,Netbanking,Yes Bank,bank_server_down,18,0,3,0
txn_01015,408.02,UPI,Yes Bank,insufficient_funds,10,0,1,0
txn_01016,664.25,Card,Yes Bank,insufficient_funds,18,1,0,1
txn_01017,2047.18,UPI,Axis,bank_server_down,23,1,2,0
txn_01018,367.9,Netbanking,ICICI,insufficient_funds,3,1,0,0
txn_01019,5210.82,Card,Kotak,bank_server_down,9,1,0,0
txn_01020,1475.15,UPI,Yes Bank,bank_server_down,15,1,1,0
txn_01021,1474.59,Card,Yes Bank,insufficient_funds,18,0,0,0
txn_01022,373.68,UPI,HDFC,insufficient_funds,6,1,0,1
txn_01023,318.0,Netbanking,PNB,bank_server_down,7,1,1,0
txn_01024,683.05,UPI,HDFC,network_error,14,0,0,1
txn_01025,509.28,Netbanking,Kotak,bank_server_down,9,0,2,0
txn_01026,705.12,UPI,Kotak,insufficient_funds,2,1,0,1
txn_01027,363.63,Wallet,Yes Bank,network_error,15,0,1,1
txn_01028,582.01,UPI,SBI,insufficient_funds,23,0,0,1
txn_01029,767.92,Netbanking,SBI,session_timeout,16,0,0,1
txn_01030,1173.2,UPI,SBI,insufficient_funds,12,0,1,0
txn_01031,236.57,UPI,Axis,bank_server_down,14,1,0,0
txn_01032,820.08,UPI,ICICI,network_error,20,0,1,1
txn_01033,379.57,Card,ICICI,card_declined,0,1,2,1
txn_01034,92.42,Netbanking,HDFC,insufficient_funds,23,0,0,0
txn_01035,1313.74,UPI,ICICI,insufficient_funds,16,1,0,1
txn_01036,1176.64,Netbanking,HDFC,session_timeout,11,0,0,1
txn_01037,477.5,UPI,HDFC,bank_server_down,4,1,1,0
txn_01038,320.58,UPI,Yes Bank,network_error,23,1,0,1
txn_01039,4790.53,UPI,PNB,bank_server_down,18,0,0,1
txn_01040,1045.31,UPI,Yes Bank,insufficient_funds,12,0,0,1
txn_01041,465.93,Card,Axis,otp_timeout,19,1,1,0
txn_01042,11114.28,UPI,Yes Bank,insufficient_funds,2,1,0,1
txn_01043,60.9,Netbanking,Kotak,session_timeout,16,0,0,1
txn_01044,1158.79,UPI,SBI,bank_server_down,22,1,1,0
txn_01045,290.11,UPI,Kotak,bank_server_down,16,1,0,1
txn_01046,100.37,UPI,SBI,bank_server_down,9,0,0,0
txn_01047,795.89,UPI,Kotak,insufficient_funds,6,0,0,0
txn_01048,218.15,Wallet,PNB,network_error,0,1,0,1
txn_01049,2201.54,Card,PNB,card_declined,15,1,1,0
txn_01050,910.18,UPI,SBI,otp_timeout,16,0,1,1
txn_01051,1294.7,UPI,Yes Bank,otp_timeout,10,0,1,1
txn_01052,149.38,UPI,HDFC,insufficient_funds,11,1,0,0
txn_01053,79.52,Netbanking,SBI,bank_server_down,16,0,1,0
txn_01054,270.16,Card,ICICI,bank_server_down,3,1,1,0
txn_01055,56.71,Netbanking,PNB,session_timeout,0,1,0,1
txn_01056,344.77,UPI,SBI,insufficient_funds,0,0,2,0
txn_01057,331.05,UPI,ICICI,insufficient_funds,0,0,1,0
txn_01058,732.43,UPI,Kotak,otp_timeout,8,1,1,1
txn_01059,240.9,UPI,PNB,network_error,2,1,0,1
txn_01060,529.68,UPI,Yes Bank,otp_timeout,15,1,2,0
txn_01061,1360.34,Netbanking,PNB,bank_server_down,0,1,0,1
txn_01062,5386.1,UPI,Yes Bank,otp_timeout,9,1,0,1
txn_01063,642.01,UPI,HDFC,network_error,18,1,0,1
txn_01064,2339.33,UPI,Kotak,network_error,23,1,1,1
txn_01065,998.3,UPI,Kotak,insufficient_funds,0,1,0,0
txn_01066,1266.64,UPI,ICICI,otp_timeout,3,0,2,1
txn_01067,721.97,UPI,Kotak,otp_timeout,22,1,1,1
txn_01068,1478.92,UPI,ICICI,network_error,18,1,1,0
txn_01069,1338.05,Netbanking,Kotak,insufficient_funds,1,1,1,0
txn_01070,496.67,UPI,PNB,otp_timeout,10,1,0,1
txn_01071,444.19,UPI,ICICI,otp_timeout,8,0,2,1
txn_01072,633.32,UPI,HDFC,bank_server_down,5,1,1,0
txn_01073,1154.2,Card,Axis,bank_server_down,7,1,0,1
txn_01074,2338.66,UPI,Axis,bank_server_down,13,1,0,1
txn_01075,887.06,UPI,Axis,insufficient_funds,23,1,0,1
txn_01076,2903.91,UPI,Axis,network_error,15,0,0,1
txn_01077,1590.91,Card,SBI,bank_server_down,0,1,0,0
txn_01078,289.85,UPI,HDFC,network_error,17,1,1,1
txn_01079,3874.33,Netbanking,Kotak,insufficient_funds,15,1,0,1
txn_01080,245.11,UPI,SBI,bank_server_down,20,0,2,0
txn_01081,1117.44,Netbanking,PNB,insufficient_funds,5,1,1,0
txn_01082,482.43,Netbanking,Yes Bank,session_timeout,15,0,2,1
txn_01083,136.23,UPI,Kotak,network_error,8,1,0,1
txn_01084,263.58,UPI,HDFC,otp_timeout,3,0,1,0
txn_01085,531.46,Netbanking,SBI,insufficient_funds,6,0,1,0
txn_01086,329.42,UPI,HDFC,otp_timeout,4,0,1,1
txn_01087,98.96,UPI,HDFC,network_error,1,1,0,0
txn_01088,1521.89,Card,SBI,card_declined,12,1,0,1
txn_01089,1753.26,Card,PNB,card_declined,4,1,0,1
txn_01090,462.6,Card,ICICI,insufficient_funds,12,0,0,1
txn_01091,1563.06,Wallet,Axis,network_error,9,1,3,0
txn_01092,6775.06,UPI,SBI,insufficient_funds,7,1,0,0
txn_01093,1216.19,UPI,Axis,bank_server_down,7,1,0,1
txn_01094,800.29,UPI,Axis,insufficient_funds,18,1,2,0
txn_01095,1046.03,Card,Kotak,card_declined,13,1,0,1
txn_01096,833.19,UPI,PNB,bank_server_down,8,0,0,0
txn_01097,3226.29,UPI,PNB,otp_timeout,22,0,2,0
txn_01098,990.74,Wallet,ICICI,network_error,7,0,0,0
txn_01099,850.14,UPI,Axis,network_error,21,0,0,0
txn_01100,369.5,UPI,Yes Bank,otp_timeout,15,1,0,0
txn_01101,837.66,Wallet,ICICI,insufficient_funds,1,0,1,0
txn_01102,310.48,Card,HDFC,bank_server_down,5,0,1,0
txn_01103,977.96,Netbanking,Yes Bank,session_timeout,19,0,0,0
txn_01104,679.38,Netbanking,Kotak,bank_server_down,21,0,0,1
txn_01105,960.16,UPI,Kotak,bank_server_down,0,0,2,0
txn_01106,447.27,Card,Kotak,otp_timeout,9,1,0,0
txn_01107,3232.22,UPI,PNB,bank_server_down,22,0,2,0
txn_01108,462.64,Card,SBI,card_declined,2,1,0,1
txn_01109,158.71,Netbanking,HDFC,insufficient_funds,0,0,0,1
txn_01110,912.39,UPI,Axis,otp_timeout,17,0,0,1
txn_01111,377.66,UPI,Axis,bank_server_down,0,1,0,1
txn_01112,805.16,Card,PNB,card_declined,17,0,0,1
txn_01113,355.54,UPI,Yes Bank,network_error,2,0,0,1
txn_01114,5315.67,UPI,Axis,bank_server_down,2,1,1,0
txn_01115,955.67,Netbanking,Yes Bank,insufficient_funds,12,0,0,0
txn_01116,235.18,Card,SBI,insufficient_funds,3,0,1,0
txn_01117,654.38,Netbanking,SBI,insufficient_funds,4,1,0,0
txn_01118,382.89,UPI,SBI,insufficient_funds,8,0,2,0
txn_01119,222.04,Netbanking,SBI,bank_server_down,1,1,0,0
txn_01120,3066.61,UPI,HDFC,network_error,16,1,1,1
txn_01121,395.24,Card,PNB,otp_timeout,17,0,0,1
txn_01122,418.61,UPI,PNB,insufficient_funds,6,1,0,0
txn_01123,37.18,Netbanking,ICICI,bank_server_down,18,1,1,0
txn_01124,1629.58,UPI,Kotak,network_error,14,1,1,0
txn_01125,365.67,UPI,PNB,otp_timeout,16,0,1,1
txn_01126,2521.35,UPI,Axis,bank_server_down,21,0,2,0
txn_01127,1684.01,Netbanking,SBI,bank_server_down,14,0,0,1
txn_01128,624.76,UPI,Axis,network_error,18,1,1,1
txn_01129,392.32,UPI,PNB,network_error,9,1,0,1
txn_01130,194.96,Netbanking,Kotak,session_timeout,18,0,1,0
txn_01131,2442.18,Netbanking,PNB,session_timeout,6,0,0,1
txn_01132,7272.97,UPI,Axis,insufficient_funds,4,0,1,0
txn_01133,308.78,Netbanking,Kotak,insufficient_funds,18,0,0,0
txn_01134,501.65,Netbanking,HDFC,bank_server_down,12,1,0,0
txn_01135,631.29,Card,Axis,bank_server_down,9,0,2,0
txn_01136,1174.79,Card,PNB,card_declined,10,0,0,0
txn_01137,860.23,UPI,Axis,insufficient_funds,17,0,1,0
txn_01138,94.88,UPI,ICICI,network_error,15,1,0,1
txn_01139,1769.51,UPI,Yes Bank,network_error,16,1,0,1
txn_01140,293.62,Card,ICICI,insufficient_funds,20,0,0,0
txn_01141,6028.09,Card,HDFC,bank_server_down,18,1,2,0
txn_01142,2485.42,UPI,Yes Bank,insufficient_funds,9,1,2,0
txn_01143,171.03,Card,PNB,insufficient_funds,9,1,0,0
txn_01144,875.45,Netbanking,ICICI,insufficient_funds,4,1,0,1
txn_01145,425.12,UPI,HDFC,insufficient_funds,11,1,1,0
txn_01146,1566.14,UPI,Kotak,otp_timeout,3,0,2,0
txn_01147,441.59,Wallet,HDFC,network_error,6,0,0,1
txn_01148,1633.3,UPI,ICICI,otp_timeout,22,0,1,0
txn_01149,2048.32,UPI,ICICI,otp_timeout,22,0,1,0
txn_01150,560.22,Netbanking,Axis,insufficient_funds,5,0,0,1
txn_01151,1995.17,UPI,Axis,bank_server_down,0,0,2,0
txn_01152,174.06,UPI,SBI,network_error,20,1,0,0
txn_01153,483.26,UPI,Yes Bank,bank_server_down,3,0,1,0
txn_01154,1603.7,UPI,HDFC,network_error,10,1,0,1
txn_01155,158.57,UPI,SBI,bank_server_down,3,0,1,0
txn_01156,429.35,Wallet,Kotak,network_error,3,1,1,1
txn_01157,797.91,Netbanking,Kotak,session_timeout,18,0,1,1
txn_01158,368.02,UPI,SBI,network_error,18,1,0,0
txn_01159,2302.06,UPI,SBI,network_error,2,1,0,1
txn_01160,535.87,Card,Kotak,otp_timeout,8,1,0,1
txn_01161,240.68,Netbanking,Yes Bank,insufficient_funds,0,1,2,0
txn_01162,251.06,UPI,Axis,otp_timeout,18,0,0,0
txn_01163,304.34,UPI,SBI,insufficient_funds,20,0,3,0
txn_01164,1002.81,UPI,Kotak,bank_server_down,17,0,0,0
txn_01165,308.8,Card,Kotak,bank_server_down,23,1,1,0
txn_01166,2722.15,Netbanking,Kotak,bank_server_down,16,0,0,0
txn_01167,408.53,UPI,Axis,insufficient_funds,23,1,2,0
txn_01168,906.25,UPI,ICICI,network_error,21,0,0,1
txn_01169,783.28,UPI,HDFC,bank_server_down,14,1,1,0
txn_01170,283.53,UPI,HDFC,otp_timeout,20,1,1,0
txn_01171,805.36,UPI,HDFC,bank_server_down,17,1,1,0
txn_01172,503.2,Card,SBI,card_declined,2,1,2,1
txn_01173,736.5,UPI,Axis,network_error,0,1,0,1
txn_01174,20.76,UPI,Kotak,network_error,11,0,2,0
txn_01175,476.15,Card,Axis,card_declined,15,1,0,0
txn_01176,910.87,UPI,Kotak,bank_server_down,9,1,0,0
txn_01177,1499.09,UPI,Kotak,network_error,8,0,1,0
txn_01178,884.03,Card,Kotak,bank_server_down,11,1,3,0
txn_01179,1294.64,UPI,Kotak,otp_timeout,11,1,3,1
txn_01180,4545.2,UPI,Kotak,insufficient_funds,21,0,0,0
txn_01181,37.09,UPI,SBI,network_error,18,1,0,1
txn_01182,137.08,UPI,ICICI,insufficient_funds,22,0,0,0
txn_01183,293.57,UPI,HDFC,bank_server_down,23,0,0,0
txn_01184,596.97,Netbanking,Axis,bank_server_down,5,1,0,1
txn_01185,2022.52,UPI,Axis,network_error,23,1,0,0
txn_01186,582.31,Netbanking,Axis,bank_server_down,20,1,0,1
txn_01187,177.52,Netbanking,ICICI,bank_server_down,13,1,2,0
txn_01188,857.26,Card,Yes Bank,otp_timeout,5,1,3,1
txn_01189,110.71,UPI,Yes Bank,otp_timeout,20,1,1,0
txn_01190,639.15,Netbanking,PNB,session_timeout,14,1,0,1
txn_01191,321.22,UPI,SBI,insufficient_funds,7,0,0,0
txn_01192,4399.84,UPI,HDFC,bank_server_down,12,1,0,0
txn_01193,1325.97,UPI,SBI,insufficient_funds,3,0,0,0
txn_01194,402.1,UPI,Kotak,network_error,21,1,1,0
txn_01195,2127.04,UPI,Axis,bank_server_down,6,1,0,0
txn_01196,476.17,UPI,Axis,insufficient_funds,10,1,0,0
txn_01197,1356.63,UPI,ICICI,insufficient_funds,5,0,0,0
txn_01198,975.0,Wallet,HDFC,insufficient_funds,7,0,0,0
txn_01199,179.08,UPI,Axis,network_error,19,1,0,1
txn_01200,1156.21,Card,HDFC,insufficient_funds,13,1,0,0
txn_01201,260.71,UPI,PNB,network_error,16,1,0,0
txn_01202,1060.45,UPI,HDFC,bank_server_down,7,1,1,1
txn_01203,589.63,UPI,Yes Bank,insufficient_funds,20,0,0,0
txn_01204,323.76,UPI,Yes Bank,insufficient_funds,11,0,2,0
txn_01205,264.0,Card,Yes Bank,card_declined,20,0,0,0
txn_01206,1696.05,UPI,PNB,network_error,6,1,0,0
txn_01207,1446.55,UPI,Kotak,network_error,16,1,2,0
txn_01208,190.51,Wallet,Axis,network_error,8,1,1,0
txn_01209,821.24,Netbanking,Yes Bank,bank_server_down,5,0,1,1
txn_01210,2470.27,UPI,Kotak,insufficient_funds,9,0,0,0
txn_01211,1696.13,UPI,SBI,network_error,14,1,0,1
txn_01212,439.91,UPI,Yes Bank,insufficient_funds,8,1,0,0
txn_01213,687.04,Wallet,PNB,insufficient_funds,2,1,1,0
txn_01214,616.77,UPI,Kotak,bank_server_down,11,1,2,0
txn_01215,1809.73,Netbanking,PNB,session_timeout,15,1,0,1
txn_01216,857.75,UPI,PNB,otp_timeout,20,0,3,0
txn_01217,329.72,UPI,Axis,insufficient_funds,22,1,0,1
txn_01218,422.72,Card,Axis,otp_timeout,3,1,0,1
txn_01219,532.06,UPI,Yes Bank,bank_server_down,3,0,0,1
txn_01220,185.36,UPI,Kotak,bank_server_down,17,1,2,0
txn_01221,1786.53,UPI,PNB,insufficient_funds,22,1,1,0
txn_01222,1262.77,UPI,Axis,insufficient_funds,12,1,1,0
txn_01223,2972.91,UPI,Yes Bank,otp_timeout,2,0,0,0
txn_01224,3560.98,Netbanking,Axis,bank_server_down,8,1,0,0
txn_01225,292.01,UPI,Kotak,otp_timeout,1,0,0,0
txn_01226,2212.62,Wallet,SBI,insufficient_funds,19,1,1,0
txn_01227,671.01,UPI,SBI,bank_server_down,14,0,2,0
txn_01228,1262.46,Wallet,SBI,insufficient_funds,14,1,0,0
txn_01229,720.43,UPI,Axis,otp_timeout,8,1,0,1
txn_01230,357.83,UPI,Axis,bank_server_down,18,1,0,0
txn_01231,370.32,UPI,Axis,network_error,19,0,0,0
txn_01232,663.57,UPI,Yes Bank,insufficient_funds,7,1,0,0
txn_01233,386.21,Card,ICICI,insufficient_funds,18,1,0,0
txn_01234,280.38,UPI,PNB,insufficient_funds,16,1,0,0
txn_01235,435.69,Netbanking,SBI,insufficient_funds,16,0,1,0
txn_01236,492.62,UPI,Kotak,insufficient_funds,7,1,0,0
txn_01237,181.05,UPI,ICICI,insufficient_funds,6,1,0,0
txn_01238,216.93,Netbanking,ICICI,session_timeout,21,1,2,1
txn_01239,312.67,Card,SBI,bank_server_down,4,1,0,1
txn_01240,727.13,UPI,ICICI,insufficient_funds,4,1,2,0
txn_01241,2229.41,Card,Axis,card_declined,11,1,1,1
txn_01242,212.03,UPI,ICICI,network_error,9,0,0,1
txn_01243,518.98,Wallet,Axis,network_error,10,0,1,1
txn_01244,681.96,UPI,Yes Bank,insufficient_funds,19,1,0,1
txn_01245,339.28,Card,Axis,card_declined,21,1,2,0
txn_01246,389.16,UPI,Yes Bank,network_error,6,0,1,1
txn_01247,3163.41,Netbanking,ICICI,insufficient_funds,21,0,0,0
txn_01248,643.31,UPI,PNB,otp_timeout,21,1,2,0
txn_01249,2231.39,Wallet,HDFC,network_error,7,1,0,0
txn_01250,132.12,UPI,Kotak,otp_timeout,22,1,1,1
txn_01251,75.75,Card,Kotak,bank_server_down,16,1,1,0
txn_01252,225.9,UPI,ICICI,network_error,18,1,0,1
txn_01253,678.29,Card,Axis,insufficient_funds,13,1,0,0
txn_01254,738.4,UPI,PNB,insufficient_funds,0,1,1,0
txn_01255,444.7,Card,SBI,otp_timeout,23,1,0,1
txn_01256,1319.55,Netbanking,ICICI,insufficient_funds,23,0,0,0
txn_01257,67.23,Card,Yes Bank,insufficient_funds,12,0,1,0
txn_01258,2031.81,Netbanking,HDFC,bank_server_down,1,0,1,1
txn_01259,838.9,Card,HDFC,bank_server_down,20,0,1,0
txn_01260,497.3,UPI,Axis,bank_server_down,18,1,0,0
txn_01261,453.8,UPI,ICICI,network_error,13,1,0,1
txn_01262,178.49,UPI,SBI,network_error,2,1,0,1
txn_01263,2463.76,Netbanking,ICICI,insufficient_funds,10,0,0,0
txn_01264,403.58,UPI,HDFC,otp_timeout,14,1,1,0
txn_01265,625.64,Card,PNB,bank_server_down,23,0,0,0
txn_01266,715.85,Netbanking,Axis,insufficient_funds,7,1,0,1
txn_01267,8495.23,UPI,Kotak,bank_server_down,3,1,1,0
txn_01268,528.66,Card,Axis,card_declined,22,1,2,0
txn_01269,215.84,UPI,PNB,otp_timeout,11,1,1,1
txn_01270,477.19,UPI,Kotak,otp_timeout,16,0,1,0
txn_01271,914.22,UPI,SBI,network_error,12,0,0,0
txn_01272,138.18,Card,Yes Bank,bank_server_down,14,1,0,0
txn_01273,261.81,Netbanking,Kotak,insufficient_funds,18,1,2,0
txn_01274,1113.25,Card,Yes Bank,card_declined,5,0,0,1
txn_01275,347.67,Netbanking,ICICI,session_timeout,22,1,0,0
txn_01276,1288.39,Card,Kotak,card_declined,8,1,1,0
txn_01277,1210.93,UPI,Kotak,insufficient_funds,0,0,0,0
txn_01278,244.51,Card,Axis,insufficient_funds,12,1,1,0
txn_01279,2895.72,Card,Axis,bank_server_down,13,1,1,0
txn_01280,1226.85,UPI,Kotak,insufficient_funds,15,0,3,0
txn_01281,4334.56,UPI,Axis,bank_server_down,4,0,0,1
txn_01282,61.0,Netbanking,Yes Bank,bank_server_down,8,1,1,0
txn_01283,1459.51,UPI,HDFC,insufficient_funds,0,1,0,1
txn_01284,1842.38,Card,Yes Bank,insufficient_funds,18,1,0,0
txn_01285,210.74,UPI,HDFC,bank_server_down,3,1,0,0
txn_01286,961.4,UPI,Axis,bank_server_down,19,1,0,0
txn_01287,139.6,Card,Axis,insufficient_funds,0,0,0,1
txn_01288,611.61,UPI,Axis,otp_timeout,3,1,2,1
txn_01289,453.19,UPI,Yes Bank,bank_server_down,7,1,3,0
txn_01290,1003.24,UPI,Yes Bank,bank_server_down,15,1,0,0
txn_01291,1126.97,UPI,PNB,insufficient_funds,8,1,0,0
txn_01292,1110.39,UPI,SBI,network_error,11,1,1,1
txn_01293,1463.26,UPI,Kotak,bank_server_down,2,1,0,0
txn_01294,1150.63,UPI,Kotak,network_error,17,0,1,0
txn_01295,174.25,UPI,Axis,network_error,22,1,1,1
txn_01296,393.54,UPI,PNB,bank_server_down,23,0,2,0
txn_01297,222.06,Card,PNB,insufficient_funds,11,1,0,0
txn_01298,5365.51,UPI,Yes Bank,network_error,12,1,2,1
txn_01299,434.27,Card,ICICI,bank_server_down,22,1,0,1
txn_01300,881.15,UPI,Axis,bank_server_down,22,0,0,1
txn_01301,2950.11,UPI,ICICI,bank_server_down,4,0,0,1
txn_01302,364.49,UPI,Yes Bank,otp_timeout,1,0,0,1
txn_01303,1145.83,UPI,ICICI,insufficient_funds,4,0,0,0
txn_01304,216.43,UPI,Yes Bank,insufficient_funds,2,1,2,0
txn_01305,342.02,UPI,Kotak,network_error,6,1,0,0
txn_01306,6315.58,Card,Axis,otp_timeout,15,1,0,1
txn_01307,2095.72,UPI,Yes Bank,bank_server_down,16,1,0,1
txn_01308,8305.87,UPI,HDFC,otp_timeout,9,1,2,1
txn_01309,164.59,Card,Axis,bank_server_down,2,1,0,1
txn_01310,212.02,UPI,Yes Bank,insufficient_funds,2,1,1,0
txn_01311,481.32,Netbanking,HDFC,bank_server_down,12,0,1,0
txn_01312,1438.15,UPI,SBI,insufficient_funds,11,0,1,0
txn_01313,339.31,UPI,Yes Bank,insufficient_funds,18,1,1,0
txn_01314,841.07,UPI,HDFC,bank_server_down,22,1,1,0
txn_01315,461.31,UPI,SBI,network_error,20,1,0,0
txn_01316,489.63,UPI,Axis,otp_timeout,13,0,1,0
txn_01317,141.34,UPI,PNB,insufficient_funds,14,0,1,0
txn_01318,421.28,UPI,SBI,insufficient_funds,22,1,0,0
txn_01319,933.55,UPI,HDFC,network_error,18,0,0,1
txn_01320,5358.16,UPI,ICICI,network_error,22,0,2,1
txn_01321,879.11,Card,HDFC,otp_timeout,3,0,0,0
txn_01322,1069.17,Card,HDFC,bank_server_down,13,1,0,1
txn_01323,1349.64,Card,Kotak,insufficient_funds,17,1,0,0
txn_01324,279.51,Card,Yes Bank,insufficient_funds,0,0,0,1
txn_01325,725.4,UPI,Kotak,bank_server_down,1,1,0,0
txn_01326,270.31,UPI,Yes Bank,network_error,19,1,0,0
txn_01327,2750.27,Netbanking,Kotak,insufficient_funds,19,0,2,0
txn_01328,358.86,UPI,SBI,bank_server_down,7,0,0,1
txn_01329,219.16,UPI,HDFC,otp_timeout,4,1,0,1
txn_01330,1328.14,Card,SBI,bank_server_down,8,1,0,1
txn_01331,942.9,Card,HDFC,card_declined,20,0,0,0
txn_01332,1895.18,UPI,PNB,otp_timeout,8,1,0,0
txn_01333,234.59,Card,SBI,otp_timeout,18,1,1,1
txn_01334,365.29,UPI,ICICI,insufficient_funds,9,1,1,0
txn_01335,1376.32,UPI,Kotak,network_error,7,1,1,0
txn_01336,102.0,Netbanking,Kotak,insufficient_funds,6,1,2,0
txn_01337,2164.59,UPI,PNB,otp_timeout,20,1,1,1
txn_01338,841.12,Card,PNB,card_declined,3,1,0,0
txn_01339,3183.35,UPI,Axis,insufficient_funds,16,0,0,0
txn_01340,302.13,UPI,Axis,otp_timeout,21,1,1,1
txn_01341,799.97,UPI,Kotak,otp_timeout,2,1,0,0
txn_01342,112.1,UPI,PNB,bank_server_down,20,1,1,0
txn_01343,2989.12,UPI,Kotak,bank_server_down,6,0,1,1
txn_01344,279.75,UPI,Yes Bank,otp_timeout,21,1,0,1
txn_01345,1104.68,UPI,PNB,bank_server_down,19,0,1,0
txn_01346,873.29,UPI,Yes Bank,network_error,21,0,0,0
txn_01347,816.98,UPI,HDFC,insufficient_funds,20,0,3,0
txn_01348,115.06,Card,Axis,card_declined,16,1,2,1
txn_01349,72.82,UPI,PNB,network_error,21,1,0,1
txn_01350,204.97,UPI,SBI,network_error,0,0,0,1
txn_01351,3472.45,UPI,ICICI,otp_timeout,12,1,0,1
txn_01352,6441.36,UPI,Axis,network_error,19,0,0,1
txn_01353,701.93,Card,Kotak,card_declined,6,0,0,0
txn_01354,1248.47,Card,SBI,insufficient_funds,14,0,1,0
txn_01355,708.82,UPI,PNB,insufficient_funds,12,0,0,0
txn_01356,173.52,UPI,Axis,bank_server_down,21,0,0,0
txn_01357,1562.42,Netbanking,SBI,session_timeout,20,0,0,1
txn_01358,425.35,UPI,HDFC,otp_timeout,10,1,0,1
txn_01359,378.16,Card,PNB,bank_server_down,2,0,0,0
txn_01360,592.08,Card,Yes Bank,insufficient_funds,22,0,0,1
txn_01361,403.26,UPI,SBI,insufficient_funds,17,0,2,0
txn_01362,2958.87,Card,Axis,insufficient_funds,14,1,1,0
txn_01363,690.38,Card,SBI,bank_server_down,0,1,2,0
txn_01364,441.02,UPI,HDFC,insufficient_funds,11,0,0,0
txn_01365,410.88,Card,ICICI,otp_timeout,20,1,0,1
txn_01366,677.96,UPI,ICICI,bank_server_down,3,0,1,0
txn_01367,309.0,UPI,ICICI,otp_timeout,5,0,0,1
txn_01368,694.7,UPI,SBI,otp_timeout,23,0,0,1
txn_01369,1619.99,Card,ICICI,bank_server_down,18,0,0,1
txn_01370,1047.21,UPI,Kotak,network_error,1,1,1,0
txn_01371,633.6,Card,PNB,bank_server_down,20,0,0,1
txn_01372,1797.76,UPI,SBI,insufficient_funds,3,0,0,0
txn_01373,858.11,UPI,SBI,otp_timeout,22,0,2,1
txn_01374,841.73,Card,ICICI,otp_timeout,9,0,1,1
txn_01375,16.64,UPI,SBI,otp_timeout,6,0,1,1
txn_01376,10116.39,Wallet,ICICI,insufficient_funds,9,1,2,0
txn_01377,1547.59,UPI,HDFC,bank_server_down,3,0,0,0
txn_01378,1355.54,Card,Kotak,bank_server_down,18,1,1,0
txn_01379,252.38,UPI,Kotak,network_error,23,0,1,0
txn_01380,463.24,UPI,PNB,insufficient_funds,13,1,1,0
txn_01381,803.13,UPI,Yes Bank,insufficient_funds,2,0,0,0
txn_01382,326.54,Card,PNB,insufficient_funds,18,0,1,0
txn_01383,1272.3,Netbanking,HDFC,insufficient_funds,20,1,1,1
txn_01384,85.56,UPI,Yes Bank,network_error,13,0,2,0
txn_01385,336.19,UPI,Kotak,bank_server_down,4,0,1,0
txn_01386,703.56,Card,Axis,insufficient_funds,15,1,0,1
txn_01387,219.93,Netbanking,HDFC,session_timeout,5,0,0,0
txn_01388,1234.43,Netbanking,Yes Bank,bank_server_down,22,1,1,0
txn_01389,2851.5,Card,Yes Bank,bank_server_down,11,1,1,0
txn_01390,547.06,Card,Yes Bank,insufficient_funds,3,0,1,0
txn_01391,1148.64,Wallet,SBI,network_error,0,0,1,0
txn_01392,2344.87,UPI,HDFC,network_error,10,0,1,1
txn_01393,1559.16,Wallet,SBI,network_error,17,1,0,1
txn_01394,122.4,Card,PNB,otp_timeout,20,1,0,0
txn_01395,735.27,UPI,Axis,otp_timeout,17,1,0,1
txn_01396,748.23,UPI,HDFC,otp_timeout,1,0,0,0
txn_01397,124.99,Netbanking,Axis,bank_server_down,4,1,2,0
txn_01398,1263.59,UPI,Axis,bank_server_down,9,0,0,0
txn_01399,4376.48,UPI,HDFC,network_error,23,1,0,0
txn_01400,255.68,Wallet,PNB,insufficient_funds,3,0,1,0
txn_01401,6752.29,Netbanking,Yes Bank,insufficient_funds,18,1,2,0
txn_01402,1378.89,UPI,HDFC,network_error,21,0,0,0
txn_01403,3100.39,UPI,Yes Bank,network_error,15,1,3,0
txn_01404,2010.6,Card,Axis,bank_server_down,22,1,1,0
txn_01405,494.6,Wallet,Kotak,network_error,6,1,2,1
txn_01406,483.82,UPI,PNB,otp_timeout,0,1,1,0
txn_01407,220.69,Card,Kotak,insufficient_funds,4,0,2,0
txn_01408,288.99,UPI,ICICI,otp_timeout,1,0,0,1
txn_01409,337.01,Card,ICICI,insufficient_funds,16,1,1,1
txn_01410,162.64,UPI,SBI,network_error,6,0,0,0
txn_01411,290.4,UPI,ICICI,insufficient_funds,17,1,0,1
txn_01412,240.82,Card,Axis,card_declined,20,1,0,1
txn_01413,460.65,Netbanking,Axis,session_timeout,19,0,0,0
txn_01414,420.12,Card,Yes Bank,card_declined,11,0,0,0
txn_01415,336.43,UPI,Kotak,otp_timeout,7,1,1,1
txn_01416,1907.88,Card,ICICI,otp_timeout,3,1,0,1
txn_01417,1356.25,UPI,PNB,insufficient_funds,14,1,1,0
txn_01418,571.95,Netbanking,Yes Bank,bank_server_down,3,0,1,0
txn_01419,284.36,UPI,ICICI,insufficient_funds,14,0,1,0
txn_01420,1190.55,UPI,ICICI,otp_timeout,18,1,1,1
txn_01421,1214.28,UPI,Yes Bank,network_error,20,1,0,0
txn_01422,608.56,UPI,SBI,bank_server_down,19,1,0,0
txn_01423,334.05,Card,SBI,bank_server_down,23,1,0,1
txn_01424,540.46,Netbanking,SBI,insufficient_funds,16,1,2,0
txn_01425,2493.18,Netbanking,HDFC,session_timeout,4,0,1,1
txn_01426,2023.6,UPI,Yes Bank,insufficient_funds,8,1,0,0
txn_01427,619.48,Card,Yes Bank,bank_server_down,16,1,0,0
txn_01428,459.84,UPI,Yes Bank,network_error,9,0,0,0
txn_01429,523.06,UPI,ICICI,insufficient_funds,15,1,2,0
txn_01430,897.16,Card,HDFC,card_declined,18,1,0,0
txn_01431,1397.51,UPI,Kotak,otp_timeout,11,0,0,0
txn_01432,525.93,UPI,Yes Bank,network_error,18,1,2,0
txn_01433,623.02,Netbanking,Kotak,session_timeout,12,0,2,1
txn_01434,870.76,UPI,ICICI,network_error,14,1,0,0
txn_01435,259.96,Card,SBI,otp_timeout,22,1,2,0
txn_01436,281.31,UPI,Yes Bank,insufficient_funds,6,0,3,0
txn_01437,345.96,Card,PNB,bank_server_down,14,1,0,0
txn_01438,896.87,Card,Axis,otp_timeout,6,0,0,0
txn_01439,304.86,Netbanking,HDFC,insufficient_funds,9,0,0,0
txn_01440,50.53,UPI,PNB,bank_server_down,21,1,0,0
txn_01441,485.74,Card,ICICI,card_declined,13,0,0,1
txn_01442,299.3,UPI,Yes Bank,bank_server_down,7,0,3,0
txn_01443,830.12,Card,SBI,otp_timeout,14,1,0,0
txn_01444,327.85,Card,Axis,bank_server_down,3,1,1,1
txn_01445,6062.37,Card,PNB,bank_server_down,6,0,0,1
txn_01446,1310.31,UPI,Kotak,network_error,23,1,0,0
txn_01447,1297.52,UPI,Yes Bank,network_error,19,1,1,1
txn_01448,583.53,UPI,SBI,otp_timeout,6,1,0,1
txn_01449,225.47,UPI,HDFC,network_error,14,0,0,1
txn_01450,130.96,UPI,SBI,otp_timeout,14,1,1,0
txn_01451,722.64,UPI,Yes Bank,network_error,1,1,0,1
txn_01452,640.28,UPI,PNB,network_error,12,1,0,1
txn_01453,523.06,Netbanking,Kotak,insufficient_funds,19,1,1,0
txn_01454,390.97,UPI,SBI,insufficient_funds,9,1,3,0
txn_01455,271.64,Card,PNB,bank_server_down,20,1,2,0
txn_01456,186.46,Netbanking,Yes Bank,bank_server_down,17,0,0,0
txn_01457,671.0,Netbanking,Yes Bank,bank_server_down,1,1,1,0
txn_01458,1576.65,UPI,Axis,otp_timeout,2,1,1,0
txn_01459,443.39,UPI,HDFC,otp_timeout,6,1,0,1
txn_01460,1287.45,UPI,Yes Bank,otp_timeout,1,0,2,0
txn_01461,574.01,UPI,HDFC,network_error,12,1,1,0
txn_01462,2042.27,Netbanking,SBI,insufficient_funds,9,1,1,0
txn_01463,403.27,UPI,SBI,network_error,16,1,0,1
txn_01464,273.46,UPI,PNB,insufficient_funds,13,0,1,0
txn_01465,566.94,UPI,Axis,bank_server_down,1,1,1,0
txn_01466,1472.04,UPI,Yes Bank,insufficient_funds,2,0,0,0
txn_01467,1235.16,UPI,SBI,network_error,12,0,3,0
txn_01468,881.12,Wallet,HDFC,insufficient_funds,1,1,0,1
txn_01469,4157.05,UPI,Kotak,otp_timeout,13,1,0,1
txn_01470,631.95,UPI,ICICI,otp_timeout,20,0,1,0
txn_01471,136.82,UPI,SBI,insufficient_funds,11,1,0,0
txn_01472,797.99,UPI,Yes Bank,bank_server_down,3,1,0,0
txn_01473,236.05,Netbanking,Yes Bank,insufficient_funds,1,1,0,0
txn_01474,1826.46,Card,HDFC,bank_server_down,21,0,0,0
txn_01475,147.74,Netbanking,SBI,insufficient_funds,2,1,0,0
txn_01476,511.14,Netbanking,Yes Bank,session_timeout,0,1,0,1
txn_01477,825.56,Card,SBI,insufficient_funds,1,1,2,0
txn_01478,96.91,Card,ICICI,bank_server_down,14,0,0,1
txn_01479,292.21,Netbanking,PNB,bank_server_down,6,1,1,0
txn_01480,6041.87,UPI,ICICI,insufficient_funds,23,1,0,1
txn_01481,720.29,Card,SBI,otp_timeout,16,1,0,1
txn_01482,994.9,Card,ICICI,bank_server_down,19,1,0,0
txn_01483,413.91,UPI,Kotak,bank_server_down,22,1,1,0
txn_01484,1997.14,UPI,Axis,bank_server_down,5,0,1,1
txn_01485,338.47,UPI,Axis,network_error,12,1,1,0
txn_01486,217.81,Card,SBI,otp_timeout,15,1,1,1
txn_01487,539.0,UPI,Yes Bank,insufficient_funds,6,0,1,0
txn_01488,129.58,Wallet,ICICI,network_error,5,0,1,1
txn_01489,508.19,UPI,HDFC,network_error,6,1,1,0
txn_01490,8992.61,UPI,PNB,insufficient_funds,14,1,1,0
txn_01491,1584.8,UPI,ICICI,otp_timeout,21,0,0,1
txn_01492,313.96,UPI,SBI,insufficient_funds,16,1,0,1
txn_01493,1469.55,Card,ICICI,insufficient_funds,9,0,1,0
txn_01494,3556.73,Card,SBI,otp_timeout,21,0,0,1
txn_01495,709.33,UPI,HDFC,otp_timeout,22,0,1,0
txn_01496,362.13,Netbanking,Kotak,insufficient_funds,16,0,0,0
txn_01497,462.24,UPI,HDFC,network_error,5,1,1,1
txn_01498,95.46,Card,Yes Bank,bank_server_down,17,1,0,1
txn_01499,147.35,Netbanking,Yes Bank,bank_server_down,5,1,0,0
txn_01500,2269.46,Card,Kotak,card_declined,11,1,1,1
txn_01501,947.53,Netbanking,SBI,insufficient_funds,20,1,0,0
txn_01502,4054.7,UPI,Axis,insufficient_funds,6,0,0,0
txn_01503,3433.82,UPI,PNB,network_error,17,0,3,0
txn_01504,1462.54,UPI,Kotak,otp_timeout,14,0,0,1
txn_01505,1055.07,UPI,SBI,bank_server_down,1,0,2,1
txn_01506,771.84,Wallet,Yes Bank,network_error,0,0,2,0
txn_01507,560.45,Card,Kotak,insufficient_funds,11,0,2,0
txn_01508,187.51,UPI,Yes Bank,network_error,8,1,1,1
txn_01509,3842.3,Card,ICICI,insufficient_funds,3,1,0,1
txn_01510,574.08,UPI,ICICI,insufficient_funds,13,0,0,0
txn_01511,1414.04,Netbanking,SBI,insufficient_funds,8,0,0,0
txn_01512,418.46,Netbanking,Axis,session_timeout,6,0,1,0
txn_01513,229.26,UPI,HDFC,network_error,21,1,0,1
txn_01514,1956.35,Card,PNB,card_declined,19,1,0,1
txn_01515,209.24,Card,PNB,otp_timeout,0,1,0,1
txn_01516,488.81,UPI,Yes Bank,bank_server_down,17,1,0,0
txn_01517,4646.69,UPI,HDFC,insufficient_funds,4,1,0,0
txn_01518,1123.73,UPI,Kotak,bank_server_down,16,1,0,1
txn_01519,1497.86,UPI,ICICI,network_error,21,1,0,0
txn_01520,1040.99,UPI,Kotak,otp_timeout,19,1,3,0
txn_01521,920.24,UPI,Kotak,insufficient_funds,7,1,0,0
txn_01522,351.83,UPI,HDFC,otp_timeout,21,0,0,1
txn_01523,1395.51,Netbanking,Kotak,bank_server_down,23,1,0,1
txn_01524,194.65,UPI,ICICI,network_error,6,0,0,0
txn_01525,539.55,UPI,SBI,otp_timeout,15,0,1,1
txn_01526,274.32,Netbanking,ICICI,bank_server_down,14,0,2,0
txn_01527,356.08,UPI,Axis,bank_server_down,9,1,0,0
txn_01528,164.44,UPI,PNB,otp_timeout,4,1,0,0
txn_01529,2639.88,Netbanking,Kotak,insufficient_funds,19,0,0,0
txn_01530,49.37,Card,ICICI,bank_server_down,18,0,2,0
txn_01531,2779.23,UPI,Yes Bank,bank_server_down,9,1,1,0
txn_01532,305.46,Card,Kotak,card_declined,16,0,2,1
txn_01533,2234.0,Card,HDFC,otp_timeout,6,1,0,0
txn_01534,367.93,UPI,HDFC,network_error,11,1,0,0
txn_01535,3908.94,Netbanking,Axis,bank_server_down,11,0,3,0
txn_01536,431.69,Netbanking,SBI,insufficient_funds,13,0,2,0
txn_01537,838.6,UPI,HDFC,otp_timeout,4,1,1,1
txn_01538,223.79,Card,Yes Bank,otp_timeout,15,1,1,0
txn_01539,3898.72,UPI,SBI,network_error,15,1,1,0
txn_01540,1118.06,Card,SBI,otp_timeout,10,1,0,0
txn_01541,1543.19,Card,ICICI,insufficient_funds,3,0,3,0
txn_01542,721.46,Card,Yes Bank,card_declined,13,0,0,1
txn_01543,2162.12,UPI,Yes Bank,otp_timeout,14,1,0,0
txn_01544,445.32,UPI,HDFC,network_error,21,1,1,0
txn_01545,1352.35,Netbanking,Yes Bank,insufficient_funds,17,1,2,0
txn_01546,854.54,UPI,Kotak,insufficient_funds,3,1,1,1
txn_01547,456.71,UPI,HDFC,network_error,16,1,2,0
txn_01548,365.99,UPI,Yes Bank,network_error,15,1,3,1
txn_01549,555.14,Card,SBI,otp_timeout,12,1,0,0
txn_01550,2849.29,UPI,Kotak,insufficient_funds,23,1,1,0
txn_01551,129.49,UPI,Kotak,bank_server_down,12,0,2,0
txn_01552,452.97,Card,HDFC,card_declined,23,1,1,1
txn_01553,310.4,UPI,Axis,otp_timeout,8,1,0,0
txn_01554,214.18,UPI,SBI,otp_timeout,17,1,1,1
txn_01555,1183.58,UPI,Axis,bank_server_down,14,1,1,0
txn_01556,1148.34,UPI,Kotak,network_error,9,1,0,1
txn_01557,417.51,UPI,SBI,network_error,7,1,0,1
txn_01558,575.93,Netbanking,Axis,session_timeout,20,1,0,0
txn_01559,661.44,UPI,SBI,insufficient_funds,17,0,2,1
txn_01560,174.48,UPI,Yes Bank,network_error,10,1,2,0
txn_01561,812.96,UPI,ICICI,network_error,1,0,1,1
txn_01562,513.31,UPI,Yes Bank,bank_server_down,5,1,0,0
txn_01563,519.56,Netbanking,SBI,bank_server_down,23,1,0,1
txn_01564,3937.37,Netbanking,Axis,session_timeout,8,1,0,1
txn_01565,1261.59,Card,Axis,otp_timeout,4,1,0,1
txn_01566,1096.28,UPI,HDFC,otp_timeout,18,1,0,1
txn_01567,1283.81,UPI,Axis,otp_timeout,9,1,0,1
txn_01568,545.98,UPI,PNB,insufficient_funds,21,1,0,1
txn_01569,487.59,Netbanking,Axis,bank_server_down,9,0,2,0
txn_01570,589.36,Card,HDFC,bank_server_down,0,1,0,0
txn_01571,2244.77,UPI,Kotak,bank_server_down,11,0,0,0
txn_01572,482.59,Card,Axis,bank_server_down,23,1,0,0
txn_01573,1114.2,UPI,Yes Bank,insufficient_funds,7,1,1,0
txn_01574,1976.53,Netbanking,PNB,session_timeout,22,0,0,0
txn_01575,123.51,UPI,Axis,bank_server_down,21,0,1,0
txn_01576,882.06,UPI,PNB,bank_server_down,20,1,0,0
txn_01577,149.21,UPI,Axis,bank_server_down,3,1,1,0
txn_01578,915.13,UPI,SBI,otp_timeout,12,1,0,0
txn_01579,36.16,Card,Axis,otp_timeout,7,1,1,0
txn_01580,1187.77,UPI,PNB,insufficient_funds,13,1,1,1
txn_01581,696.71,UPI,Axis,network_error,5,0,3,0
txn_01582,41.94,UPI,SBI,insufficient_funds,0,0,0,0
txn_01583,3357.84,Netbanking,Axis,bank_server_down,15,1,0,1
txn_01584,1445.16,UPI,SBI,otp_timeout,0,1,1,1
txn_01585,1112.62,Netbanking,SBI,insufficient_funds,9,1,1,0
txn_01586,1311.98,UPI,PNB,bank_server_down,4,1,0,0
txn_01587,326.97,UPI,PNB,insufficient_funds,8,0,1,0
txn_01588,2336.0,UPI,PNB,otp_timeout,15,1,2,1
txn_01589,2181.38,UPI,Yes Bank,bank_server_down,13,0,0,0
txn_01590,806.02,UPI,PNB,otp_timeout,9,1,1,1
txn_01591,731.0,UPI,Kotak,otp_timeout,14,0,0,1
txn_01592,214.24,Card,ICICI,bank_server_down,15,1,0,1
txn_01593,313.56,Card,Axis,otp_timeout,15,0,1,1
txn_01594,331.95,Card,Kotak,otp_timeout,17,0,0,1
txn_01595,1798.65,Card,Yes Bank,card_declined,5,1,0,1
txn_01596,1752.77,UPI,Kotak,network_error,20,1,0,1
txn_01597,2357.02,UPI,ICICI,network_error,2,0,0,0
txn_01598,1513.11,Netbanking,PNB,session_timeout,5,0,0,1
txn_01599,408.06,Card,PNB,card_declined,12,0,1,0
txn_01600,666.25,Netbanking,ICICI,insufficient_funds,8,0,0,0
txn_01601,447.22,Card,SBI,card_declined,20,0,0,1
txn_01602,778.12,Wallet,HDFC,insufficient_funds,7,0,0,0
txn_01603,1627.68,Card,PNB,insufficient_funds,14,1,0,0
txn_01604,250.48,Card,Yes Bank,otp_timeout,22,1,0,1
txn_01605,780.76,UPI,PNB,bank_server_down,17,0,0,1
txn_01606,570.86,UPI,ICICI,bank_server_down,14,1,0,1
txn_01607,1026.14,UPI,Kotak,insufficient_funds,17,0,0,0
txn_01608,476.53,UPI,HDFC,bank_server_down,3,1,0,0
txn_01609,160.76,UPI,ICICI,otp_timeout,7,1,0,0
txn_01610,1100.46,Card,Kotak,bank_server_down,19,1,0,1
txn_01611,1389.44,Card,ICICI,otp_timeout,4,0,1,0
txn_01612,1598.96,UPI,HDFC,bank_server_down,3,1,0,1
txn_01613,220.15,UPI,SBI,bank_server_down,15,0,0,0
txn_01614,506.22,Netbanking,Axis,insufficient_funds,21,1,0,1
txn_01615,492.53,UPI,SBI,network_error,22,0,2,1
txn_01616,3048.6,Card,PNB,insufficient_funds,21,1,2,0
txn_01617,437.43,Card,HDFC,card_declined,16,1,2,0
txn_01618,602.62,Card,ICICI,bank_server_down,13,1,1,1
txn_01619,1519.93,UPI,SBI,otp_timeout,9,1,1,1
txn_01620,584.19,UPI,Axis,otp_timeout,11,0,3,0
txn_01621,648.91,Card,PNB,otp_timeout,2,0,0,0
txn_01622,2143.25,Wallet,ICICI,insufficient_funds,4,1,0,1
txn_01623,506.96,Netbanking,ICICI,session_timeout,3,0,2,0
txn_01624,4011.86,UPI,SBI,insufficient_funds,11,1,1,0
txn_01625,3072.79,Netbanking,Axis,session_timeout,1,0,1,0
txn_01626,94.69,Card,Kotak,card_declined,8,1,0,0
txn_01627,370.58,UPI,PNB,insufficient_funds,1,0,2,0
txn_01628,747.08,UPI,Kotak,bank_server_down,23,1,2,0
txn_01629,993.65,UPI,Kotak,bank_server_down,9,1,0,0
txn_01630,116.22,Wallet,Axis,network_error,1,1,0,1
txn_01631,333.53,UPI,HDFC,network_error,16,1,0,1
txn_01632,488.72,Netbanking,SBI,session_timeout,8,1,1,0
txn_01633,892.72,Card,PNB,bank_server_down,5,1,0,0
txn_01634,1778.61,UPI,Kotak,insufficient_funds,1,0,0,1
txn_01635,740.01,UPI,Kotak,otp_timeout,22,1,1,1
txn_01636,243.65,UPI,Yes Bank,otp_timeout,21,1,0,0
txn_01637,647.67,Card,Axis,otp_timeout,21,0,0,0
txn_01638,548.63,UPI,SBI,insufficient_funds,19,0,0,0
txn_01639,1211.09,Card,Kotak,card_declined,3,1,1,1
txn_01640,199.04,Card,ICICI,insufficient_funds,23,1,1,1
txn_01641,300.07,UPI,Kotak,bank_server_down,18,1,2,0
txn_01642,261.6,Card,PNB,insufficient_funds,14,1,0,0
txn_01643,594.39,UPI,Axis,bank_server_down,16,1,1,1
txn_01644,1990.45,UPI,PNB,otp_timeout,20,1,0,1
txn_01645,809.84,UPI,Kotak,bank_server_down,21,0,0,0
txn_01646,747.38,Card,PNB,otp_timeout,6,1,0,1
txn_01647,770.22,Netbanking,ICICI,bank_server_down,17,1,0,0
txn_01648,2450.88,UPI,ICICI,insufficient_funds,17,1,0,0
txn_01649,303.11,Card,Kotak,card_declined,12,0,0,1
txn_01650,1058.29,Card,SBI,insufficient_funds,5,1,0,1
txn_01651,296.68,Netbanking,ICICI,insufficient_funds,12,1,1,1
txn_01652,810.07,UPI,Yes Bank,otp_timeout,9,0,3,0
txn_01653,802.42,Card,Yes Bank,insufficient_funds,17,1,0,1
txn_01654,608.38,UPI,PNB,bank_server_down,3,1,1,0
txn_01655,3328.55,UPI,SBI,bank_server_down,0,0,2,0
txn_01656,743.86,Card,ICICI,card_declined,7,1,1,0
txn_01657,583.54,UPI,PNB,bank_server_down,3,1,0,0
txn_01658,353.19,UPI,Kotak,insufficient_funds,16,1,0,0
txn_01659,601.61,Netbanking,Kotak,insufficient_funds,8,0,0,0
txn_01660,919.79,Card,HDFC,otp_timeout,16,0,0,1
txn_01661,1098.6,UPI,SBI,bank_server_down,7,0,0,0
txn_01662,630.96,UPI,Axis,otp_timeout,11,1,0,1
txn_01663,1278.55,UPI,Kotak,network_error,23,1,0,1
txn_01664,656.22,UPI,Axis,insufficient_funds,21,1,1,0
txn_01665,219.92,UPI,Axis,bank_server_down,23,0,1,1
txn_01666,175.72,UPI,Yes Bank,bank_server_down,0,1,0,0
txn_01667,440.13,Card,Axis,insufficient_funds,2,0,0,1
txn_01668,128.93,UPI,SBI,insufficient_funds,10,1,0,0
txn_01669,1023.38,UPI,Kotak,insufficient_funds,3,0,2,0
txn_01670,1081.55,Netbanking,PNB,insufficient_funds,5,1,2,0
txn_01671,2764.21,UPI,ICICI,insufficient_funds,15,1,1,0
txn_01672,1311.44,UPI,Kotak,otp_timeout,15,1,2,0
txn_01673,757.05,UPI,Kotak,insufficient_funds,21,1,2,0
txn_01674,1223.82,UPI,SBI,otp_timeout,16,1,1,0
txn_01675,916.57,UPI,SBI,network_error,14,0,0,1
txn_01676,1134.95,Netbanking,Axis,insufficient_funds,19,1,1,0
txn_01677,113.48,Card,Axis,bank_server_down,15,1,1,1
txn_01678,586.72,UPI,Yes Bank,insufficient_funds,11,1,0,0
txn_01679,174.65,Wallet,HDFC,insufficient_funds,7,0,3,1
txn_01680,409.2,UPI,SBI,insufficient_funds,1,0,0,1
txn_01681,353.03,Card,Kotak,bank_server_down,19,1,0,1
txn_01682,1107.12,Netbanking,Kotak,insufficient_funds,6,1,0,1
txn_01683,551.52,UPI,ICICI,bank_server_down,9,1,0,1
txn_01684,1684.0,Card,ICICI,card_declined,14,1,0,0
txn_01685,832.93,UPI,Yes Bank,bank_server_down,7,0,2,1
txn_01686,725.8,Card,PNB,insufficient_funds,10,1,1,1
txn_01687,235.73,UPI,Yes Bank,network_error,12,1,3,0
txn_01688,1921.6,Card,Kotak,insufficient_funds,15,0,0,0
txn_01689,1786.41,Netbanking,Axis,insufficient_funds,0,1,0,0
txn_01690,657.26,UPI,HDFC,network_error,13,1,0,1
txn_01691,541.78,UPI,Yes Bank,bank_server_down,1,1,0,0
txn_01692,522.21,UPI,HDFC,otp_timeout,3,1,1,1
txn_01693,135.83,UPI,ICICI,otp_timeout,12,0,0,0
txn_01694,486.8,Wallet,Axis,network_error,13,1,1,1
txn_01695,537.19,Netbanking,ICICI,session_timeout,11,0,0,0
txn_01696,215.1,UPI,Yes Bank,otp_timeout,3,0,1,1
txn_01697,2113.18,UPI,PNB,network_error,22,0,1,0
txn_01698,200.75,UPI,PNB,otp_timeout,3,1,1,0
txn_01699,434.17,Netbanking,Axis,insufficient_funds,0,0,1,0
txn_01700,287.08,UPI,SBI,otp_timeout,21,1,0,1
txn_01701,446.4,Card,ICICI,otp_timeout,3,0,0,0
txn_01702,617.44,UPI,Axis,insufficient_funds,0,0,1,0
txn_01703,620.06,Netbanking,HDFC,bank_server_down,9,0,1,1
txn_01704,94.0,UPI,SBI,insufficient_funds,8,1,0,0
txn_01705,169.56,UPI,PNB,network_error,7,1,0,0
txn_01706,1631.09,Card,HDFC,otp_timeout,1,0,3,0
txn_01707,1086.62,Netbanking,PNB,session_timeout,21,0,1,0
txn_01708,1452.96,UPI,PNB,bank_server_down,14,1,1,1
txn_01709,700.91,UPI,HDFC,bank_server_down,14,0,2,0
txn_01710,2244.97,UPI,PNB,insufficient_funds,15,1,3,0
txn_01711,241.63,UPI,Axis,bank_server_down,10,1,0,1
txn_01712,1725.3,UPI,Axis,insufficient_funds,22,0,1,0
txn_01713,333.31,Netbanking,SBI,session_timeout,2,1,1,1
txn_01714,888.51,Card,ICICI,card_declined,2,1,1,1
txn_01715,297.35,UPI,SBI,network_error,0,0,0,1
txn_01716,538.59,UPI,SBI,bank_server_down,16,1,0,1
txn_01717,515.58,Netbanking,HDFC,session_timeout,17,0,0,0
txn_01718,1639.62,UPI,PNB,network_error,7,0,1,0
txn_01719,2316.51,Card,PNB,insufficient_funds,17,0,2,0
txn_01720,1550.16,UPI,Kotak,bank_server_down,5,0,0,1
txn_01721,283.44,Card,SBI,card_declined,10,1,1,1
txn_01722,1510.42,UPI,Axis,bank_server_down,3,1,0,1
txn_01723,416.66,Wallet,Yes Bank,insufficient_funds,3,0,2,1
txn_01724,1301.5,UPI,SBI,bank_server_down,21,0,2,0
txn_01725,1402.52,UPI,ICICI,insufficient_funds,19,0,3,0
txn_01726,259.93,UPI,ICICI,bank_server_down,7,1,2,0
txn_01727,258.16,UPI,Kotak,otp_timeout,1,1,1,0
txn_01728,5746.52,Card,Kotak,card_declined,16,1,1,1
txn_01729,454.55,UPI,PNB,insufficient_funds,14,1,1,0
txn_01730,225.42,UPI,PNB,insufficient_funds,21,1,2,0
txn_01731,474.06,Netbanking,Axis,bank_server_down,15,1,1,0
txn_01732,565.83,UPI,Yes Bank,insufficient_funds,22,1,0,0
txn_01733,708.68,Netbanking,SBI,bank_server_down,4,0,1,0
txn_01734,4820.59,Card,Axis,card_declined,5,1,1,0
txn_01735,163.02,UPI,Kotak,insufficient_funds,4,0,1,0
txn_01736,107.15,Card,Kotak,card_declined,19,1,0,1
txn_01737,1812.15,UPI,HDFC,bank_server_down,13,1,1,0
txn_01738,2971.31,UPI,Yes Bank,insufficient_funds,15,0,0,0
txn_01739,615.54,UPI,Axis,otp_timeout,18,0,0,1
txn_01740,494.88,Wallet,Yes Bank,network_error,7,0,2,0
txn_01741,1350.36,Card,HDFC,bank_server_down,23,0,0,0
txn_01742,1331.09,Wallet,HDFC,insufficient_funds,12,0,1,0
txn_01743,1339.18,Card,Axis,otp_timeout,22,1,3,0
txn_01744,368.02,Card,PNB,bank_server_down,0,0,1,0
txn_01745,2378.61,Card,ICICI,insufficient_funds,8,1,1,0
txn_01746,3465.97,UPI,HDFC,insufficient_funds,22,1,0,1
txn_01747,1764.96,Card,Axis,otp_timeout,11,1,1,1
txn_01748,101.19,UPI,SBI,otp_timeout,20,1,0,0
txn_01749,144.95,Card,SBI,insufficient_funds,18,0,0,1
txn_01750,1404.09,Card,PNB,otp_timeout,1,1,0,1
txn_01751,836.12,Card,ICICI,bank_server_down,21,1,0,0
txn_01752,184.06,Card,PNB,card_declined,4,1,2,1
txn_01753,477.7,Netbanking,Yes Bank,insufficient_funds,7,1,1,0
txn_01754,737.36,Netbanking,Kotak,bank_server_down,17,0,0,1
txn_01755,681.28,Netbanking,PNB,session_timeout,6,0,3,0
txn_01756,288.37,Netbanking,HDFC,bank_server_down,4,0,0,1
txn_01757,925.81,Netbanking,Yes Bank,bank_server_down,9,1,0,0
txn_01758,2976.44,UPI,ICICI,otp_timeout,10,0,1,0
txn_01759,589.81,Card,PNB,insufficient_funds,23,1,0,1
txn_01760,727.59,Wallet,Kotak,insufficient_funds,15,1,1,0
txn_01761,1207.53,Card,HDFC,card_declined,15,0,1,0
txn_01762,479.29,UPI,ICICI,network_error,0,1,3,0
txn_01763,643.77,Card,SBI,card_declined,9,1,2,0
txn_01764,141.52,Card,HDFC,card_declined,16,1,0,1
txn_01765,815.62,Wallet,Axis,insufficient_funds,18,1,1,0
txn_01766,330.95,UPI,SBI,insufficient_funds,11,0,0,0
txn_01767,149.69,Card,HDFC,insufficient_funds,12,1,1,0
txn_01768,1588.9,Card,ICICI,card_declined,10,1,0,0
txn_01769,10826.99,UPI,HDFC,insufficient_funds,3,1,0,0
txn_01770,977.71,UPI,Yes Bank,otp_timeout,22,0,1,1
txn_01771,2039.96,Card,PNB,bank_server_down,4,1,0,1
txn_01772,375.02,Card,Yes Bank,bank_server_down,19,0,0,1
txn_01773,1652.84,Netbanking,Kotak,insufficient_funds,4,1,1,0
txn_01774,176.37,UPI,ICICI,bank_server_down,11,1,1,0
txn_01775,208.73,UPI,ICICI,otp_timeout,18,1,0,1
txn_01776,869.93,UPI,PNB,insufficient_funds,15,0,0,0
txn_01777,854.87,Card,ICICI,otp_timeout,4,0,1,0
txn_01778,3152.98,UPI,PNB,network_error,11,1,0,1
txn_01779,851.27,Card,ICICI,insufficient_funds,15,1,1,1
txn_01780,705.29,UPI,SBI,bank_server_down,6,1,1,0
txn_01781,194.84,Netbanking,PNB,bank_server_down,21,0,0,1
txn_01782,216.41,UPI,Kotak,bank_server_down,8,0,1,0
txn_01783,315.21,UPI,Kotak,network_error,20,0,1,1
txn_01784,1990.4,UPI,Kotak,insufficient_funds,5,0,0,0
txn_01785,3145.35,Card,PNB,bank_server_down,22,1,0,0
txn_01786,4736.99,Card,PNB,insufficient_funds,8,1,0,1
txn_01787,927.65,UPI,PNB,otp_timeout,0,1,0,0
txn_01788,237.55,Card,Kotak,card_declined,16,1,0,1
txn_01789,834.58,UPI,SBI,otp_timeout,12,1,0,1
txn_01790,1323.8,Netbanking,HDFC,insufficient_funds,2,0,1,0
txn_01791,1150.26,UPI,Kotak,insufficient_funds,7,1,0,0
txn_01792,540.79,Card,ICICI,card_declined,15,1,1,0
txn_01793,113.48,UPI,Yes Bank,network_error,3,0,0,1
txn_01794,389.96,Card,Axis,insufficient_funds,2,0,0,0
txn_01795,1017.91,Netbanking,Kotak,session_timeout,0,0,0,1
txn_01796,228.0,Card,ICICI,card_declined,8,1,1,0
txn_01797,303.59,UPI,ICICI,insufficient_funds,12,0,0,0
txn_01798,1797.64,UPI,HDFC,otp_timeout,8,1,1,0
txn_01799,244.98,Wallet,HDFC,insufficient_funds,20,0,0,0
txn_01800,127.52,Netbanking,Axis,bank_server_down,1,0,1,0
txn_01801,688.39,Card,Kotak,insufficient_funds,19,0,2,0
txn_01802,2179.66,UPI,PNB,otp_timeout,4,1,1,0
txn_01803,5356.76,UPI,Kotak,otp_timeout,13,1,1,1
txn_01804,826.29,UPI,PNB,otp_timeout,21,1,0,0
txn_01805,1280.23,UPI,ICICI,bank_server_down,8,1,1,0
txn_01806,393.27,Netbanking,ICICI,insufficient_funds,9,1,1,0
txn_01807,909.42,Netbanking,ICICI,insufficient_funds,7,0,1,0
txn_01808,279.53,UPI,PNB,bank_server_down,21,0,0,1
txn_01809,581.25,Card,ICICI,bank_server_down,8,0,0,0
txn_01810,496.85,UPI,Kotak,insufficient_funds,9,0,0,0
txn_01811,447.27,Card,ICICI,card_declined,18,1,1,1
txn_01812,3055.18,Wallet,Kotak,insufficient_funds,16,1,0,0
txn_01813,960.51,Card,Yes Bank,bank_server_down,0,0,2,0
txn_01814,1244.73,Netbanking,Kotak,bank_server_down,13,1,0,0
txn_01815,1948.92,UPI,SBI,otp_timeout,4,1,1,1
txn_01816,252.53,Card,HDFC,otp_timeout,6,1,1,0
txn_01817,167.04,UPI,Kotak,bank_server_down,17,0,2,0
txn_01818,878.42,UPI,ICICI,bank_server_down,14,1,1,0
txn_01819,130.86,Card,ICICI,insufficient_funds,12,0,1,1
txn_01820,615.93,UPI,SBI,bank_server_down,6,0,0,0
txn_01821,2473.71,UPI,Yes Bank,otp_timeout,23,0,1,0
txn_01822,1250.01,UPI,SBI,bank_server_down,22,0,0,0
txn_01823,2742.71,UPI,Kotak,bank_server_down,14,0,0,0
txn_01824,1269.62,Card,HDFC,insufficient_funds,11,0,0,0
txn_01825,785.21,Card,ICICI,otp_timeout,11,0,0,1
txn_01826,556.31,UPI,SBI,network_error,18,1,1,1
txn_01827,1412.18,Netbanking,Axis,insufficient_funds,18,1,0,1
txn_01828,421.16,Netbanking,ICICI,session_timeout,16,1,0,1
txn_01829,162.68,Netbanking,SBI,session_timeout,16,0,0,1
txn_01830,3039.16,UPI,SBI,insufficient_funds,20,1,1,0
txn_01831,747.45,UPI,SBI,otp_timeout,0,0,3,0
txn_01832,151.97,Card,Axis,bank_server_down,15,1,2,0
txn_01833,1689.8,UPI,ICICI,otp_timeout,9,0,1,1
txn_01834,3354.21,UPI,HDFC,bank_server_down,15,0,0,0
txn_01835,341.79,Netbanking,PNB,session_timeout,20,1,0,0
txn_01836,2849.07,Netbanking,Axis,insufficient_funds,7,1,1,1
txn_01837,4362.33,Wallet,ICICI,insufficient_funds,2,1,0,0
txn_01838,2552.13,Netbanking,Kotak,insufficient_funds,20,1,0,0
txn_01839,1677.83,UPI,Axis,insufficient_funds,19,1,0,1
txn_01840,2379.52,UPI,ICICI,insufficient_funds,4,0,0,0
txn_01841,1676.93,UPI,PNB,network_error,5,0,0,0
txn_01842,1002.9,Card,Kotak,card_declined,5,1,1,0
txn_01843,193.51,UPI,ICICI,insufficient_funds,23,1,1,0
txn_01844,267.13,UPI,Kotak,network_error,22,1,1,0
txn_01845,963.0,UPI,HDFC,otp_timeout,21,1,0,1
txn_01846,402.33,Card,Yes Bank,card_declined,16,1,0,1
txn_01847,772.03,UPI,Yes Bank,otp_timeout,14,1,2,1
txn_01848,692.5,UPI,Axis,insufficient_funds,13,0,0,1
txn_01849,1627.71,Card,Axis,bank_server_down,12,1,1,0
txn_01850,363.92,Card,Axis,insufficient_funds,21,1,3,0
txn_01851,330.01,UPI,PNB,network_error,20,1,0,1
txn_01852,984.5,UPI,Yes Bank,insufficient_funds,9,1,1,0
txn_01853,139.43,UPI,SBI,network_error,17,0,0,1
txn_01854,275.97,UPI,HDFC,network_error,6,1,1,1
txn_01855,558.77,Card,HDFC,bank_server_down,22,1,3,0
txn_01856,970.64,UPI,Axis,insufficient_funds,5,1,1,1
txn_01857,460.59,UPI,SBI,insufficient_funds,21,0,0,0
txn_01858,112.62,UPI,SBI,network_error,12,0,3,0
txn_01859,3543.58,Card,PNB,insufficient_funds,10,0,1,0
txn_01860,1668.69,UPI,HDFC,network_error,7,1,0,1
txn_01861,222.34,UPI,PNB,bank_server_down,15,1,0,0
txn_01862,260.83,Card,Yes Bank,card_declined,19,0,0,1
txn_01863,282.85,Wallet,HDFC,insufficient_funds,7,1,0,0
txn_01864,358.08,UPI,Axis,bank_server_down,9,1,0,1
txn_01865,2486.83,Netbanking,HDFC,bank_server_down,13,1,0,0
txn_01866,1096.44,Card,Kotak,bank_server_down,7,1,2,0
txn_01867,90.82,Card,PNB,card_declined,14,0,0,0
txn_01868,1220.73,Card,PNB,bank_server_down,7,1,0,1
txn_01869,227.31,Wallet,Yes Bank,insufficient_funds,12,1,0,0
txn_01870,718.0,UPI,Yes Bank,insufficient_funds,19,1,2,0
txn_01871,793.75,Card,HDFC,bank_server_down,14,1,0,0
txn_01872,6234.47,UPI,Yes Bank,bank_server_down,5,1,0,0
txn_01873,73.37,Card,PNB,otp_timeout,16,0,0,1
txn_01874,914.62,UPI,Axis,bank_server_down,10,1,1,1
txn_01875,4500.41,UPI,Yes Bank,otp_timeout,2,1,0,1
txn_01876,624.34,UPI,Yes Bank,otp_timeout,4,1,0,0
txn_01877,614.87,Wallet,PNB,network_error,10,0,0,1
txn_01878,1061.78,Netbanking,HDFC,bank_server_down,16,0,1,0
txn_01879,340.78,Netbanking,ICICI,insufficient_funds,6,1,0,0
txn_01880,1121.05,Netbanking,Axis,session_timeout,15,1,0,1
txn_01881,432.89,UPI,SBI,bank_server_down,1,1,1,0
txn_01882,1126.54,UPI,ICICI,bank_server_down,9,0,0,0
txn_01883,125.84,UPI,ICICI,bank_server_down,8,0,0,1
txn_01884,769.78,UPI,Axis,bank_server_down,18,0,0,0
txn_01885,719.19,UPI,PNB,bank_server_down,15,0,0,0
txn_01886,1899.5,UPI,PNB,network_error,21,0,0,1
txn_01887,547.54,UPI,Axis,otp_timeout,7,1,0,1
txn_01888,251.66,UPI,Yes Bank,insufficient_funds,9,1,2,0
txn_01889,1180.17,UPI,HDFC,insufficient_funds,23,1,2,0
txn_01890,188.4,Card,Axis,card_declined,19,0,1,1
txn_01891,149.8,Netbanking,PNB,insufficient_funds,0,0,1,0
txn_01892,224.1,UPI,ICICI,bank_server_down,16,0,2,0
txn_01893,335.55,Card,HDFC,bank_server_down,5,1,2,0
txn_01894,95.74,Card,Axis,insufficient_funds,20,0,1,0
txn_01895,755.19,UPI,ICICI,otp_timeout,22,1,1,0
txn_01896,539.99,UPI,SBI,otp_timeout,9,0,0,1
txn_01897,1193.6,UPI,Yes Bank,network_error,14,1,1,1
txn_01898,528.74,UPI,Kotak,bank_server_down,1,1,0,0
txn_01899,1095.22,Card,ICICI,bank_server_down,2,1,0,0
txn_01900,1375.89,UPI,Yes Bank,bank_server_down,20,1,0,1
txn_01901,608.72,UPI,PNB,bank_server_down,23,1,0,0
txn_01902,2379.07,UPI,ICICI,bank_server_down,7,1,1,0
txn_01903,1504.13,Card,HDFC,insufficient_funds,16,1,1,1
txn_01904,543.43,Wallet,Kotak,insufficient_funds,17,1,0,0
txn_01905,756.14,UPI,Kotak,network_error,15,1,1,0
txn_01906,1341.4,UPI,PNB,bank_server_down,11,0,1,0
txn_01907,724.88,UPI,ICICI,network_error,14,0,1,0
txn_01908,1884.32,UPI,Axis,otp_timeout,5,0,2,0
txn_01909,1414.97,UPI,Kotak,otp_timeout,0,0,0,0
txn_01910,93.99,UPI,Kotak,bank_server_down,12,0,2,0
txn_01911,522.52,Netbanking,Kotak,session_timeout,12,0,0,1
txn_01912,798.64,Card,HDFC,otp_timeout,21,0,0,1
txn_01913,104.2,UPI,Yes Bank,otp_timeout,12,0,1,1
txn_01914,553.23,Card,PNB,card_declined,20,1,0,0
txn_01915,2487.52,UPI,Kotak,insufficient_funds,17,1,0,0
txn_01916,409.35,Wallet,SBI,insufficient_funds,13,0,0,0
txn_01917,219.32,UPI,Axis,otp_timeout,1,1,0,1
txn_01918,419.73,UPI,PNB,bank_server_down,3,1,0,1
txn_01919,646.8,UPI,SBI,bank_server_down,5,0,1,1
txn_01920,462.73,UPI,Yes Bank,insufficient_funds,6,1,1,0
txn_01921,144.39,Netbanking,Axis,bank_server_down,16,1,0,0
txn_01922,246.43,Card,ICICI,bank_server_down,3,1,1,0
txn_01923,1056.29,Netbanking,Axis,session_timeout,6,1,0,0
txn_01924,710.37,Card,Kotak,otp_timeout,1,1,3,1
txn_01925,364.73,UPI,SBI,bank_server_down,5,1,1,1
txn_01926,562.57,UPI,Axis,insufficient_funds,12,1,0,1
txn_01927,443.79,Wallet,Yes Bank,insufficient_funds,16,0,1,0
txn_01928,524.72,UPI,HDFC,bank_server_down,10,1,0,1
txn_01929,923.92,Netbanking,ICICI,bank_server_down,16,1,1,1
txn_01930,3542.17,UPI,Kotak,network_error,23,0,1,0
txn_01931,2642.08,UPI,Axis,insufficient_funds,22,1,0,0
txn_01932,696.6,Wallet,SBI,network_error,22,1,1,1
txn_01933,1406.61,Wallet,Yes Bank,network_error,19,0,0,1
txn_01934,308.67,Card,ICICI,insufficient_funds,11,1,2,0
txn_01935,310.55,UPI,SBI,insufficient_funds,3,0,0,0
txn_01936,451.79,Card,HDFC,insufficient_funds,14,1,1,0
txn_01937,660.68,UPI,SBI,network_error,23,1,0,1
txn_01938,554.61,UPI,Axis,otp_timeout,19,0,0,1
txn_01939,259.46,Netbanking,Yes Bank,session_timeout,6,1,1,1
txn_01940,2938.08,UPI,Axis,insufficient_funds,21,0,1,0
txn_01941,86.37,Netbanking,PNB,session_timeout,10,1,1,0
txn_01942,204.73,UPI,PNB,insufficient_funds,1,0,0,0
txn_01943,426.56,Wallet,Kotak,network_error,16,1,1,0
txn_01944,316.98,UPI,Kotak,bank_server_down,12,0,0,0
txn_01945,1491.8,UPI,ICICI,insufficient_funds,8,1,2,0
txn_01946,85.54,UPI,SBI,bank_server_down,12,0,2,0
txn_01947,1714.67,Card,ICICI,otp_timeout,6,1,1,1
txn_01948,1686.71,Card,Kotak,bank_server_down,0,0,1,0
txn_01949,343.49,Card,SBI,otp_timeout,5,1,0,1
txn_01950,542.19,Card,SBI,card_declined,5,1,0,0
txn_01951,1937.83,UPI,HDFC,insufficient_funds,7,1,0,1
txn_01952,321.92,UPI,HDFC,otp_timeout,19,0,0,1
txn_01953,226.25,Card,Kotak,insufficient_funds,3,1,3,1
txn_01954,355.37,Netbanking,Yes Bank,session_timeout,13,1,1,1
txn_01955,214.87,UPI,Axis,insufficient_funds,14,1,0,0
txn_01956,1020.68,Card,PNB,card_declined,6,0,3,0
txn_01957,793.05,Card,SBI,insufficient_funds,1,0,0,0
txn_01958,1798.79,UPI,PNB,bank_server_down,15,1,2,0
txn_01959,390.0,Netbanking,ICICI,bank_server_down,23,0,2,0
txn_01960,1277.02,UPI,Axis,insufficient_funds,17,1,2,0
txn_01961,64.66,Netbanking,HDFC,insufficient_funds,16,1,3,0
txn_01962,284.07,UPI,ICICI,bank_server_down,22,1,2,0
txn_01963,320.93,UPI,PNB,network_error,19,1,0,1
txn_01964,1981.4,UPI,Axis,network_error,15,1,0,0
txn_01965,893.67,UPI,Yes Bank,otp_timeout,20,1,1,1
txn_01966,925.83,Netbanking,ICICI,insufficient_funds,21,1,0,0
txn_01967,198.49,Wallet,Yes Bank,network_error,8,1,2,0
txn_01968,493.23,UPI,ICICI,network_error,22,0,2,0
txn_01969,472.58,Card,Yes Bank,card_declined,0,1,3,1
txn_01970,689.09,UPI,HDFC,insufficient_funds,16,0,0,0
txn_01971,224.37,Netbanking,Kotak,insufficient_funds,14,0,1,1
txn_01972,712.39,UPI,SBI,otp_timeout,18,0,0,1
txn_01973,1924.06,Netbanking,PNB,bank_server_down,4,0,2,0
txn_01974,1546.56,UPI,PNB,otp_timeout,10,0,0,0
txn_01975,912.41,UPI,Yes Bank,insufficient_funds,18,1,1,0
txn_01976,1255.45,UPI,Yes Bank,network_error,16,1,1,0
txn_01977,238.35,Card,SBI,otp_timeout,10,0,3,0
txn_01978,1976.87,UPI,SBI,bank_server_down,7,1,1,1
txn_01979,974.61,UPI,HDFC,bank_server_down,21,0,0,0
txn_01980,218.09,UPI,Yes Bank,network_error,20,1,0,1
txn_01981,144.7,UPI,ICICI,otp_timeout,9,1,3,1
txn_01982,682.02,UPI,PNB,bank_server_down,6,1,0,1
txn_01983,614.42,UPI,HDFC,network_error,15,1,1,1
txn_01984,2358.34,Netbanking,HDFC,bank_server_down,12,0,0,0
txn_01985,1467.76,Netbanking,SBI,insufficient_funds,18,0,0,0
txn_01986,291.48,UPI,Yes Bank,otp_timeout,9,1,0,0
txn_01987,2233.61,Wallet,Axis,network_error,0,0,1,0
txn_01988,497.52,Card,ICICI,bank_server_down,3,1,1,0
txn_01989,1360.81,Card,Kotak,otp_timeout,13,0,0,0
txn_01990,2006.06,UPI,PNB,bank_server_down,6,0,0,0
txn_01991,2110.23,UPI,Axis,bank_server_down,18,0,0,0
txn_01992,335.34,UPI,ICICI,bank_server_down,21,1,0,0
txn_01993,263.06,UPI,HDFC,bank_server_down,21,1,1,1
txn_01994,1615.3,Wallet,Kotak,insufficient_funds,8,0,0,1
txn_01995,1965.72,UPI,ICICI,bank_server_down,1,1,0,0
txn_01996,2461.37,UPI,Axis,bank_server_down,16,1,1,0
txn_01997,188.13,UPI,SBI,bank_server_down,15,1,1,1
txn_01998,78.74,UPI,ICICI,otp_timeout,21,0,0,1
txn_01999,134.92,UPI,Axis,otp_timeout,22,1,1,1
txn_02000,170.38,UPI,HDFC,otp_timeout,16,0,2,0
txn_02001,7613.44,Netbanking,SBI,insufficient_funds,7,1,0,0
txn_02002,113.7,UPI,HDFC,bank_server_down,1,1,0,1
txn_02003,827.86,UPI,HDFC,insufficient_funds,19,0,1,0
txn_02004,364.2,Netbanking,PNB,insufficient_funds,5,1,0,0
txn_02005,384.25,UPI,Axis,network_error,23,1,0,1
txn_02006,90.23,UPI,SBI,network_error,12,1,0,1
txn_02007,166.83,Card,Yes Bank,otp_timeout,4,0,1,1
txn_02008,265.5,UPI,SBI,network_error,5,0,0,1
txn_02009,554.59,UPI,Kotak,bank_server_down,1,0,0,0
txn_02010,152.0,UPI,Axis,insufficient_funds,12,0,0,0
txn_02011,536.93,UPI,ICICI,bank_server_down,12,0,0,0
txn_02012,2502.4,Card,Axis,otp_timeout,4,1,1,0
txn_02013,251.56,Card,Kotak,otp_timeout,23,0,1,0
txn_02014,1288.4,UPI,HDFC,insufficient_funds,18,1,1,0
txn_02015,1107.93,Card,Axis,bank_server_down,20,1,0,0
txn_02016,588.66,UPI,SBI,otp_timeout,4,0,2,1
txn_02017,763.02,Card,HDFC,bank_server_down,14,0,1,1
txn_02018,881.58,UPI,PNB,network_error,9,1,0,1
txn_02019,706.37,Wallet,Kotak,network_error,16,0,0,1
txn_02020,852.57,UPI,Yes Bank,insufficient_funds,3,1,1,0
txn_02021,329.26,UPI,HDFC,network_error,21,1,2,1
txn_02022,1263.8,UPI,Yes Bank,insufficient_funds,13,1,0,0
txn_02023,453.46,Card,SBI,card_declined,23,1,3,0
txn_02024,2401.34,UPI,SBI,insufficient_funds,16,0,0,0
txn_02025,11540.55,Card,SBI,card_declined,1,0,1,0
txn_02026,607.78,UPI,SBI,network_error,3,1,2,0
txn_02027,1845.48,Card,PNB,bank_server_down,12,1,0,1
txn_02028,2434.02,UPI,PNB,bank_server_down,18,0,0,1
txn_02029,614.39,UPI,Kotak,otp_timeout,6,0,2,1
txn_02030,929.74,Card,SBI,otp_timeout,12,1,0,1
txn_02031,476.43,UPI,Kotak,network_error,6,1,1,1
txn_02032,297.73,UPI,SBI,network_error,19,1,1,0
txn_02033,312.14,UPI,SBI,bank_server_down,14,1,1,0
txn_02034,1350.55,Card,Yes Bank,otp_timeout,9,1,1,0
txn_02035,1444.73,UPI,SBI,bank_server_down,21,1,0,0
txn_02036,349.01,Netbanking,SBI,session_timeout,11,1,1,0
txn_02037,320.72,Card,PNB,otp_timeout,19,1,1,1
txn_02038,590.41,UPI,Axis,bank_server_down,6,1,2,0
txn_02039,1013.33,UPI,Yes Bank,insufficient_funds,17,0,0,0
txn_02040,828.24,UPI,Yes Bank,bank_server_down,5,1,2,0
txn_02041,689.04,Wallet,SBI,insufficient_funds,23,1,0,0
txn_02042,267.44,UPI,PNB,otp_timeout,6,1,0,1
txn_02043,476.1,Netbanking,SBI,bank_server_down,17,0,2,1
txn_02044,1647.12,Wallet,SBI,insufficient_funds,21,0,0,0
txn_02045,998.1,Card,Kotak,otp_timeout,4,1,1,1
txn_02046,526.72,Netbanking,Kotak,session_timeout,4,0,2,0
txn_02047,2876.13,UPI,PNB,bank_server_down,23,1,2,1
txn_02048,1272.74,UPI,SBI,bank_server_down,15,0,1,0
txn_02049,1186.72,UPI,Kotak,network_error,15,0,1,1
txn_02050,340.22,Netbanking,ICICI,session_timeout,10,0,1,1
txn_02051,291.65,UPI,PNB,network_error,8,1,0,1
txn_02052,937.31,Card,HDFC,card_declined,9,1,0,1
txn_02053,726.59,UPI,ICICI,otp_timeout,22,1,1,1
txn_02054,530.24,UPI,Kotak,network_error,15,1,0,1
txn_02055,1273.02,Netbanking,SBI,bank_server_down,3,0,2,0
txn_02056,672.53,UPI,ICICI,network_error,0,1,3,0
txn_02057,207.52,UPI,ICICI,otp_timeout,8,1,0,0
txn_02058,943.11,UPI,HDFC,insufficient_funds,14,1,0,1
txn_02059,910.45,Card,ICICI,bank_server_down,5,1,1,0
txn_02060,1764.55,Netbanking,Kotak,insufficient_funds,16,1,0,0
txn_02061,540.17,UPI,SBI,otp_timeout,4,1,0,1
txn_02062,307.91,UPI,Axis,network_error,8,0,1,0
txn_02063,299.75,Card,PNB,insufficient_funds,23,0,0,0
txn_02064,470.68,Card,HDFC,insufficient_funds,17,0,2,0
txn_02065,963.89,UPI,Kotak,network_error,19,0,1,0
txn_02066,1155.79,UPI,HDFC,otp_timeout,2,0,2,0
txn_02067,44.64,UPI,PNB,otp_timeout,15,1,1,0
txn_02068,170.42,Card,HDFC,card_declined,12,0,1,0
txn_02069,2201.19,UPI,Yes Bank,bank_server_down,15,1,1,1
txn_02070,128.46,UPI,SBI,network_error,15,0,0,1
txn_02071,5047.13,Netbanking,PNB,insufficient_funds,8,0,0,0
txn_02072,97.15,Card,HDFC,bank_server_down,15,1,1,1
txn_02073,192.06,UPI,Yes Bank,insufficient_funds,7,0,0,0
txn_02074,895.79,UPI,Yes Bank,bank_server_down,20,1,0,1
txn_02075,291.82,UPI,Kotak,bank_server_down,17,1,1,1
txn_02076,212.67,Netbanking,SBI,insufficient_funds,20,1,0,0
txn_02077,1245.63,UPI,HDFC,network_error,8,0,1,0
txn_02078,4284.97,Card,Yes Bank,insufficient_funds,7,0,0,1
txn_02079,753.45,UPI,Axis,otp_timeout,14,0,0,0
txn_02080,193.47,UPI,Kotak,insufficient_funds,11,1,0,0
txn_02081,155.77,Netbanking,SBI,bank_server_down,16,0,0,1
txn_02082,128.59,Card,Kotak,insufficient_funds,22,1,1,0
txn_02083,723.38,UPI,ICICI,insufficient_funds,1,0,2,0
txn_02084,221.59,Card,PNB,insufficient_funds,4,0,1,0
txn_02085,4013.21,Card,Kotak,card_declined,13,1,1,0
txn_02086,350.49,Wallet,ICICI,insufficient_funds,12,1,0,0
txn_02087,1979.34,UPI,Axis,bank_server_down,18,0,0,1
txn_02088,1176.0,UPI,HDFC,insufficient_funds,3,0,0,0
txn_02089,338.3,Card,SBI,bank_server_down,9,1,0,0
txn_02090,1991.44,Card,SBI,bank_server_down,18,0,2,0
txn_02091,433.54,Card,Yes Bank,card_declined,3,0,0,1
txn_02092,6856.94,Wallet,ICICI,insufficient_funds,4,1,0,0
txn_02093,2430.68,UPI,Axis,insufficient_funds,5,1,0,0
txn_02094,2088.41,UPI,ICICI,network_error,15,0,0,1
txn_02095,137.24,UPI,Axis,bank_server_down,9,0,1,0
txn_02096,213.15,UPI,Kotak,otp_timeout,6,0,0,0
txn_02097,844.71,Netbanking,Yes Bank,session_timeout,16,0,1,1
txn_02098,132.7,UPI,SBI,network_error,23,1,1,1
txn_02099,3538.62,Card,Yes Bank,card_declined,15,1,0,1
txn_02100,92.78,Card,Yes Bank,insufficient_funds,18,0,0,1
txn_02101,2497.6,UPI,Yes Bank,network_error,6,1,2,0
txn_02102,1079.8,Card,HDFC,insufficient_funds,16,1,2,0
txn_02103,1817.42,Wallet,HDFC,insufficient_funds,23,0,0,1
txn_02104,98.77,Netbanking,HDFC,session_timeout,8,0,1,1
txn_02105,962.36,UPI,Axis,otp_timeout,10,1,0,0
txn_02106,2456.25,UPI,Kotak,bank_server_down,17,0,0,1
txn_02107,1148.99,UPI,Yes Bank,network_error,23,0,0,1
txn_02108,503.93,UPI,Kotak,insufficient_funds,17,0,1,0
txn_02109,1147.89,UPI,Kotak,bank_server_down,16,0,0,0
txn_02110,610.91,Card,HDFC,card_declined,20,1,0,1
txn_02111,1402.31,UPI,SBI,insufficient_funds,2,0,0,0
txn_02112,2547.1,UPI,Axis,insufficient_funds,21,1,0,0
txn_02113,951.06,Card,SBI,card_declined,18,1,0,0
txn_02114,450.88,UPI,Kotak,otp_timeout,16,0,1,1
txn_02115,169.68,Card,ICICI,otp_timeout,11,1,1,1
txn_02116,127.65,Card,PNB,bank_server_down,6,1,1,0
txn_02117,792.64,Netbanking,Yes Bank,bank_server_down,23,0,0,0
txn_02118,275.81,Netbanking,ICICI,insufficient_funds,8,1,0,0
txn_02119,344.86,Netbanking,Yes Bank,session_timeout,1,0,0,0
txn_02120,1592.51,UPI,Kotak,bank_server_down,15,1,0,1
txn_02121,1222.9,UPI,ICICI,insufficient_funds,6,1,1,0
txn_02122,2564.3,UPI,Kotak,otp_timeout,12,1,1,0
txn_02123,305.3,UPI,PNB,bank_server_down,3,0,2,0
txn_02124,1532.7,UPI,SBI,bank_server_down,13,0,0,1
txn_02125,786.26,Card,Kotak,card_declined,18,0,0,0
txn_02126,614.1,Wallet,PNB,network_error,6,0,1,1
txn_02127,360.83,Card,PNB,bank_server_down,20,1,0,0
txn_02128,833.48,Netbanking,Axis,session_timeout,23,1,0,1
txn_02129,134.57,Card,PNB,otp_timeout,4,1,2,1
txn_02130,281.59,Netbanking,HDFC,bank_server_down,1,1,2,0
txn_02131,2397.45,UPI,Yes Bank,insufficient_funds,21,0,3,0
txn_02132,1268.51,Card,Axis,card_declined,6,1,1,0
txn_02133,1344.75,UPI,HDFC,bank_server_down,0,1,1,0
txn_02134,663.67,UPI,Yes Bank,bank_server_down,12,0,2,0
txn_02135,125.17,Card,SBI,otp_timeout,18,1,3,1
txn_02136,575.08,Card,Axis,otp_timeout,23,1,1,0
txn_02137,615.23,UPI,HDFC,bank_server_down,14,0,0,1
txn_02138,215.3,UPI,Axis,network_error,3,1,0,1
txn_02139,265.66,Netbanking,SBI,insufficient_funds,3,1,2,0
txn_02140,1953.65,UPI,PNB,otp_timeout,9,1,1,1
txn_02141,221.52,UPI,HDFC,insufficient_funds,19,1,0,0
txn_02142,322.0,UPI,SBI,bank_server_down,3,0,1,0
txn_02143,1138.67,UPI,HDFC,bank_server_down,18,0,1,0
txn_02144,243.54,Netbanking,Kotak,bank_server_down,0,0,1,0
txn_02145,924.5,Card,Yes Bank,otp_timeout,9,1,0,1
txn_02146,464.09,UPI,Kotak,otp_timeout,23,1,2,1
txn_02147,5070.32,Card,Axis,insufficient_funds,2,1,0,0
txn_02148,3141.47,Card,Yes Bank,insufficient_funds,14,1,3,0
txn_02149,125.27,Netbanking,Yes Bank,insufficient_funds,14,0,0,0
txn_02150,581.15,Netbanking,SBI,bank_server_down,3,1,0,0
txn_02151,324.52,UPI,Axis,bank_server_down,1,0,2,0
txn_02152,2669.89,Netbanking,Kotak,bank_server_down,5,0,0,0
txn_02153,4683.14,UPI,Axis,bank_server_down,9,1,2,0
txn_02154,605.22,UPI,Yes Bank,bank_server_down,6,0,0,0
txn_02155,915.63,UPI,SBI,bank_server_down,1,0,0,1
txn_02156,337.21,UPI,HDFC,otp_timeout,8,1,3,0
txn_02157,542.73,UPI,PNB,bank_server_down,0,1,0,1
txn_02158,278.69,Card,Yes Bank,bank_server_down,12,0,0,0
txn_02159,2205.15,UPI,ICICI,otp_timeout,5,0,3,0
txn_02160,252.04,Netbanking,PNB,session_timeout,15,1,1,0
txn_02161,2209.43,UPI,Axis,insufficient_funds,6,1,0,0
txn_02162,864.92,UPI,Kotak,bank_server_down,20,0,0,0
txn_02163,156.02,UPI,HDFC,insufficient_funds,23,1,0,0
txn_02164,176.03,Card,Axis,insufficient_funds,3,1,1,0
txn_02165,500.44,UPI,HDFC,network_error,10,1,2,0
txn_02166,359.83,UPI,ICICI,insufficient_funds,19,1,2,1
txn_02167,298.44,Wallet,Axis,network_error,19,0,0,0
txn_02168,1369.64,Netbanking,SBI,insufficient_funds,18,1,3,0
txn_02169,818.19,Wallet,Yes Bank,insufficient_funds,15,0,3,0
txn_02170,460.33,UPI,PNB,insufficient_funds,19,1,3,0
txn_02171,442.49,UPI,SBI,bank_server_down,20,0,1,0
txn_02172,1094.15,Netbanking,SBI,insufficient_funds,2,0,0,0
txn_02173,391.76,Netbanking,PNB,bank_server_down,11,0,0,1
txn_02174,1115.75,Card,Yes Bank,insufficient_funds,10,1,0,0
txn_02175,590.8,UPI,PNB,network_error,22,0,0,1
txn_02176,281.14,UPI,SBI,insufficient_funds,0,1,0,1
txn_02177,722.5,UPI,Kotak,bank_server_down,21,1,1,0
txn_02178,1172.19,Card,Kotak,bank_server_down,14,1,0,1
txn_02179,186.65,Wallet,Kotak,insufficient_funds,19,0,1,0
txn_02180,169.8,Netbanking,ICICI,bank_server_down,10,0,0,1
txn_02181,803.21,UPI,Yes Bank,network_error,10,1,1,0
txn_02182,892.49,UPI,PNB,insufficient_funds,6,1,0,0
txn_02183,147.95,UPI,HDFC,otp_timeout,20,1,1,1
txn_02184,96.38,Netbanking,SBI,bank_server_down,22,1,0,0
txn_02185,267.8,UPI,Yes Bank,otp_timeout,23,0,0,0
txn_02186,838.66,Card,PNB,card_declined,9,1,0,0
txn_02187,374.08,Card,PNB,otp_timeout,9,1,1,1
txn_02188,1644.62,Card,PNB,insufficient_funds,4,0,0,0
txn_02189,258.9,Card,Yes Bank,otp_timeout,20,0,1,1
txn_02190,825.02,Card,SBI,bank_server_down,15,1,2,1
txn_02191,563.47,Card,Yes Bank,bank_server_down,15,1,0,1
txn_02192,580.8,UPI,ICICI,bank_server_down,9,1,1,1
txn_02193,1459.71,Card,HDFC,insufficient_funds,10,1,1,0
txn_02194,757.86,UPI,PNB,bank_server_down,21,1,1,1
txn_02195,179.26,UPI,SBI,insufficient_funds,22,0,0,0
txn_02196,270.17,UPI,Yes Bank,insufficient_funds,6,1,1,0
txn_02197,5351.46,UPI,Axis,bank_server_down,15,1,0,1
txn_02198,133.3,UPI,Kotak,otp_timeout,18,1,0,0
txn_02199,182.76,UPI,Axis,bank_server_down,19,1,0,0
txn_02200,662.99,Wallet,SBI,network_error,21,0,2,0
txn_02201,831.29,UPI,PNB,bank_server_down,3,1,1,0
txn_02202,2470.93,Netbanking,HDFC,insufficient_funds,15,1,0,1
txn_02203,136.68,Card,PNB,insufficient_funds,21,0,2,0
txn_02204,274.28,UPI,Kotak,otp_timeout,17,1,1,0
txn_02205,649.26,Netbanking,HDFC,session_timeout,7,1,0,1
txn_02206,2254.57,Card,Axis,insufficient_funds,12,0,2,0
txn_02207,431.23,Card,SBI,otp_timeout,13,1,0,1
txn_02208,1011.85,UPI,PNB,bank_server_down,23,1,2,0
txn_02209,923.18,UPI,Yes Bank,network_error,7,0,2,0
txn_02210,487.63,Wallet,HDFC,network_error,13,1,0,0
txn_02211,770.62,Card,SBI,bank_server_down,21,1,2,0
txn_02212,414.2,UPI,SBI,bank_server_down,4,1,1,0
txn_02213,447.22,UPI,Kotak,bank_server_down,13,1,1,0
txn_02214,94.88,Netbanking,Yes Bank,insufficient_funds,18,1,0,1
txn_02215,608.3,UPI,HDFC,network_error,22,1,0,1
txn_02216,773.55,UPI,PNB,bank_server_down,9,1,0,0
txn_02217,1351.49,UPI,PNB,insufficient_funds,7,1,0,0
txn_02218,664.71,Card,SBI,card_declined,17,1,0,1
txn_02219,348.44,Card,Yes Bank,otp_timeout,3,1,0,1
txn_02220,560.58,UPI,Axis,insufficient_funds,14,1,0,0
txn_02221,357.36,UPI,HDFC,bank_server_down,15,1,0,1
txn_02222,287.53,UPI,Kotak,network_error,23,0,1,1
txn_02223,336.67,Wallet,PNB,network_error,17,1,3,1
txn_02224,61.26,UPI,SBI,otp_timeout,3,1,0,0
txn_02225,188.5,UPI,Kotak,insufficient_funds,12,1,0,0
txn_02226,163.92,Netbanking,Yes Bank,bank_server_down,3,1,0,0
txn_02227,626.45,Netbanking,Axis,bank_server_down,17,1,1,0
txn_02228,342.69,Card,Yes Bank,otp_timeout,0,0,1,1
txn_02229,143.38,Card,SBI,card_declined,4,1,2,0
txn_02230,3205.25,UPI,HDFC,insufficient_funds,15,1,1,0
txn_02231,1344.4,Card,PNB,otp_timeout,9,1,1,1
txn_02232,371.25,Netbanking,HDFC,bank_server_down,13,1,0,1
txn_02233,1697.23,UPI,PNB,insufficient_funds,5,1,0,0
txn_02234,924.29,UPI,HDFC,network_error,5,0,1,0
txn_02235,4761.15,UPI,Yes Bank,insufficient_funds,23,1,0,0
txn_02236,478.8,UPI,PNB,network_error,0,1,0,1
txn_02237,162.91,Netbanking,Axis,bank_server_down,14,0,2,0
txn_02238,332.9,Netbanking,Kotak,bank_server_down,1,1,1,0
txn_02239,2416.75,Netbanking,Yes Bank,insufficient_funds,10,0,0,0
txn_02240,405.94,UPI,Axis,bank_server_down,22,0,1,0
txn_02241,219.57,UPI,ICICI,network_error,1,1,0,0
txn_02242,234.87,Netbanking,PNB,session_timeout,8,0,0,0
txn_02243,925.09,UPI,Axis,insufficient_funds,7,0,2,0
txn_02244,482.69,Card,Axis,otp_timeout,23,1,1,0
txn_02245,362.3,UPI,Axis,bank_server_down,4,1,0,0
txn_02246,1287.84,UPI,HDFC,otp_timeout,15,1,2,0
txn_02247,840.55,UPI,ICICI,bank_server_down,6,0,1,0
txn_02248,163.69,UPI,ICICI,insufficient_funds,2,1,2,0
txn_02249,548.07,UPI,Axis,otp_timeout,16,0,1,1
txn_02250,861.09,UPI,Yes Bank,insufficient_funds,21,0,0,0
txn_02251,498.37,Card,Axis,bank_server_down,16,1,1,0
txn_02252,383.65,Netbanking,ICICI,insufficient_funds,23,1,1,0
txn_02253,201.46,UPI,Yes Bank,network_error,3,1,0,1
txn_02254,1489.98,Netbanking,Axis,bank_server_down,2,1,2,0
txn_02255,224.59,Netbanking,SBI,insufficient_funds,19,0,0,0
txn_02256,849.92,UPI,HDFC,insufficient_funds,12,0,1,0
txn_02257,112.35,Netbanking,Axis,session_timeout,18,0,0,1
txn_02258,207.66,UPI,HDFC,bank_server_down,7,0,1,0
txn_02259,85.09,Card,PNB,card_declined,9,0,2,1
txn_02260,401.2,UPI,Yes Bank,insufficient_funds,9,0,0,0
txn_02261,1723.19,UPI,HDFC,insufficient_funds,16,0,0,0
txn_02262,235.22,UPI,Kotak,otp_timeout,0,1,0,1
txn_02263,525.2,Netbanking,Kotak,bank_server_down,20,0,1,1
txn_02264,216.98,UPI,HDFC,insufficient_funds,3,1,0,0
txn_02265,319.45,UPI,ICICI,insufficient_funds,0,0,3,0
txn_02266,114.52,UPI,Axis,otp_timeout,5,0,1,0
txn_02267,1582.97,Card,Kotak,card_declined,18,0,0,0
txn_02268,644.77,Netbanking,HDFC,session_timeout,3,1,0,1
txn_02269,622.37,UPI,HDFC,otp_timeout,19,1,1,0
txn_02270,476.65,Card,Kotak,card_declined,17,1,0,0
txn_02271,367.71,UPI,Yes Bank,otp_timeout,6,0,0,1
txn_02272,832.22,UPI,SBI,bank_server_down,1,1,0,1
txn_02273,1025.41,UPI,PNB,otp_timeout,1,0,1,0
txn_02274,1412.02,UPI,Yes Bank,otp_timeout,7,1,2,1
txn_02275,558.59,UPI,Yes Bank,otp_timeout,4,0,3,1
txn_02276,1369.22,Card,Yes Bank,otp_timeout,13,1,0,1
txn_02277,261.29,Netbanking,Axis,session_timeout,9,0,1,1
txn_02278,410.15,Card,SBI,bank_server_down,20,0,0,1
txn_02279,646.46,UPI,Yes Bank,otp_timeout,18,0,0,0
txn_02280,996.96,UPI,HDFC,otp_timeout,12,1,0,0
txn_02281,2002.75,UPI,Yes Bank,otp_timeout,2,1,1,0
txn_02282,156.0,UPI,Kotak,network_error,6,1,2,1
txn_02283,544.01,Netbanking,Axis,insufficient_funds,17,1,0,0
txn_02284,1591.34,Netbanking,PNB,session_timeout,10,1,1,1
txn_02285,227.37,UPI,ICICI,otp_timeout,7,1,1,1
txn_02286,629.08,Wallet,ICICI,network_error,0,1,3,0
txn_02287,548.42,Card,ICICI,otp_timeout,1,0,0,1
txn_02288,593.86,UPI,SBI,network_error,23,0,1,1
txn_02289,758.66,Card,ICICI,otp_timeout,13,1,3,0
txn_02290,1502.85,UPI,ICICI,otp_timeout,9,1,2,0
txn_02291,3039.51,UPI,SBI,insufficient_funds,12,0,0,0
txn_02292,795.68,Card,Kotak,otp_timeout,0,1,0,1
txn_02293,249.19,Card,SBI,otp_timeout,7,1,1,1
txn_02294,67.68,Card,Axis,card_declined,12,0,0,0
txn_02295,374.24,Netbanking,HDFC,insufficient_funds,5,1,0,1
txn_02296,270.42,Card,HDFC,insufficient_funds,22,1,2,0
txn_02297,1299.62,UPI,Yes Bank,insufficient_funds,10,1,1,1
txn_02298,677.51,UPI,Kotak,bank_server_down,14,1,0,1
txn_02299,655.65,Card,SBI,insufficient_funds,1,1,1,0
txn_02300,110.24,UPI,Axis,insufficient_funds,5,1,1,0
txn_02301,384.36,Card,PNB,bank_server_down,11,0,0,1
txn_02302,4781.84,UPI,SBI,bank_server_down,20,1,2,1
txn_02303,299.98,Wallet,Yes Bank,insufficient_funds,22,1,3,0
txn_02304,941.94,UPI,SBI,network_error,20,0,2,1
txn_02305,1363.39,Card,SBI,card_declined,8,0,3,0
txn_02306,206.44,Netbanking,HDFC,bank_server_down,13,1,1,1
txn_02307,759.18,UPI,Yes Bank,network_error,14,0,2,0
txn_02308,41.14,Card,HDFC,card_declined,11,0,1,0
txn_02309,609.63,UPI,HDFC,insufficient_funds,4,1,0,0
txn_02310,475.75,UPI,Yes Bank,otp_timeout,6,1,0,0
txn_02311,907.45,UPI,Axis,insufficient_funds,3,1,1,0
txn_02312,811.86,Card,Kotak,card_declined,21,0,0,1
txn_02313,163.53,UPI,ICICI,network_error,21,1,1,1
txn_02314,202.56,Card,PNB,card_declined,8,1,0,0
txn_02315,210.16,Netbanking,HDFC,insufficient_funds,21,0,1,0
txn_02316,1531.83,Netbanking,ICICI,session_timeout,18,1,1,0
txn_02317,97.72,UPI,SBI,insufficient_funds,23,1,1,1
txn_02318,4013.11,Card,PNB,card_declined,21,1,1,0
txn_02319,2137.66,UPI,ICICI,bank_server_down,14,1,2,0
txn_02320,669.04,UPI,ICICI,otp_timeout,1,0,1,1
txn_02321,1635.53,UPI,HDFC,network_error,2,0,0,0
txn_02322,705.42,UPI,HDFC,insufficient_funds,20,0,0,0
txn_02323,91.64,UPI,Axis,network_error,0,0,0,0
txn_02324,1989.94,UPI,Yes Bank,insufficient_funds,20,1,0,0
txn_02325,566.75,Card,Axis,card_declined,8,1,0,0
txn_02326,1646.06,Card,Yes Bank,otp_timeout,3,0,3,0
txn_02327,1532.02,Card,Axis,card_declined,9,0,0,1
txn_02328,961.91,UPI,HDFC,network_error,19,1,0,1
txn_02329,672.94,Card,Axis,card_declined,11,0,1,1
txn_02330,202.47,UPI,SBI,bank_server_down,0,1,1,0
txn_02331,448.36,UPI,ICICI,otp_timeout,0,1,2,1
txn_02332,222.76,UPI,ICICI,otp_timeout,23,1,0,1
txn_02333,584.77,Card,HDFC,insufficient_funds,5,0,0,0
txn_02334,38.11,UPI,Kotak,network_error,20,1,0,1
txn_02335,194.54,Card,Yes Bank,card_declined,19,1,2,1
txn_02336,1708.14,UPI,ICICI,bank_server_down,14,1,1,1
txn_02337,659.27,Card,Kotak,insufficient_funds,0,1,1,0
txn_02338,48.27,Card,PNB,insufficient_funds,21,1,1,0
txn_02339,653.17,Card,SBI,card_declined,11,1,1,1
txn_02340,1352.57,UPI,Kotak,network_error,21,1,1,1
txn_02341,702.61,UPI,Axis,bank_server_down,9,1,0,0
txn_02342,420.75,UPI,Axis,bank_server_down,10,1,0,0
txn_02343,244.74,Card,PNB,otp_timeout,9,1,1,1
txn_02344,1023.35,UPI,SBI,network_error,11,0,0,1
txn_02345,2649.56,UPI,SBI,network_error,13,0,1,1
txn_02346,299.32,UPI,ICICI,insufficient_funds,5,0,1,0
txn_02347,108.6,UPI,ICICI,bank_server_down,15,1,0,0
txn_02348,1103.2,UPI,PNB,otp_timeout,23,0,0,1
txn_02349,758.61,UPI,HDFC,network_error,13,1,0,1
txn_02350,1467.05,Netbanking,Kotak,session_timeout,0,0,0,1
txn_02351,723.07,UPI,ICICI,insufficient_funds,2,1,0,0
txn_02352,208.12,UPI,HDFC,bank_server_down,11,1,1,0
txn_02353,263.82,Netbanking,SBI,session_timeout,3,1,0,1
txn_02354,173.97,UPI,ICICI,bank_server_down,18,0,0,0
txn_02355,3065.55,UPI,Yes Bank,network_error,19,1,3,0
txn_02356,458.03,UPI,HDFC,bank_server_down,9,1,2,0
txn_02357,224.72,Card,HDFC,otp_timeout,21,0,2,0
txn_02358,1073.41,UPI,PNB,bank_server_down,10,1,3,0
txn_02359,332.64,UPI,Yes Bank,otp_timeout,13,0,0,1
txn_02360,728.5,UPI,Kotak,otp_timeout,15,1,1,0
txn_02361,189.05,Netbanking,HDFC,session_timeout,13,0,0,0
txn_02362,1157.08,UPI,SBI,network_error,8,1,1,1
txn_02363,2005.66,Wallet,Kotak,insufficient_funds,20,1,0,0
txn_02364,866.0,Card,SBI,otp_timeout,16,0,0,1
txn_02365,155.3,Netbanking,HDFC,bank_server_down,11,0,1,0
txn_02366,2370.47,UPI,HDFC,network_error,18,0,0,1
txn_02367,923.0,UPI,HDFC,bank_server_down,3,0,0,0
txn_02368,599.93,UPI,ICICI,insufficient_funds,21,1,0,0
txn_02369,1160.56,Netbanking,HDFC,insufficient_funds,20,1,1,0
txn_02370,1065.18,Netbanking,Axis,bank_server_down,14,0,2,1
txn_02371,494.43,UPI,ICICI,otp_timeout,3,1,1,1
txn_02372,2670.96,Card,ICICI,insufficient_funds,23,0,1,1
txn_02373,1296.58,Card,Yes Bank,bank_server_down,10,0,3,0
txn_02374,970.73,Card,PNB,insufficient_funds,3,1,0,1
txn_02375,456.13,UPI,PNB,otp_timeout,10,1,1,1
txn_02376,473.0,Card,ICICI,bank_server_down,2,1,1,1
txn_02377,411.24,UPI,Yes Bank,network_error,0,0,0,1
txn_02378,2997.83,UPI,HDFC,bank_server_down,11,1,1,0
txn_02379,1384.43,Card,SBI,bank_server_down,1,1,3,1
txn_02380,396.24,UPI,Yes Bank,insufficient_funds,21,0,0,0
txn_02381,111.53,Netbanking,Kotak,bank_server_down,21,0,0,1
txn_02382,1727.76,UPI,Axis,network_error,4,0,1,1
txn_02383,960.73,Card,ICICI,insufficient_funds,22,1,1,1
txn_02384,381.28,UPI,SBI,bank_server_down,5,0,0,1
txn_02385,1115.67,UPI,Kotak,insufficient_funds,7,1,2,0
txn_02386,320.74,UPI,Yes Bank,network_error,21,1,0,1
txn_02387,4590.31,UPI,HDFC,otp_timeout,17,0,0,0
txn_02388,546.25,UPI,Axis,bank_server_down,13,0,0,0
txn_02389,272.17,UPI,SBI,bank_server_down,13,1,0,1
txn_02390,398.91,Netbanking,Axis,insufficient_funds,23,1,0,0
txn_02391,829.54,UPI,PNB,insufficient_funds,17,1,1,0
txn_02392,1227.37,Netbanking,Axis,session_timeout,18,1,2,0
txn_02393,612.23,Netbanking,Kotak,bank_server_down,11,1,0,0
txn_02394,279.22,UPI,SBI,bank_server_down,11,0,0,0
txn_02395,547.18,UPI,Axis,network_error,9,0,1,0
txn_02396,1101.08,UPI,Yes Bank,insufficient_funds,8,1,0,0
txn_02397,1432.93,UPI,SBI,bank_server_down,20,1,2,0
txn_02398,1172.34,Card,PNB,card_declined,16,0,2,0
txn_02399,1936.51,Card,HDFC,card_declined,1,1,2,0
txn_02400,524.84,Card,PNB,insufficient_funds,4,0,0,0
txn_02401,289.08,Card,SBI,insufficient_funds,22,0,1,0
txn_02402,713.29,Netbanking,PNB,insufficient_funds,19,1,0,0
txn_02403,2153.39,Card,PNB,bank_server_down,6,1,1,0
txn_02404,703.03,UPI,Kotak,network_error,6,0,1,1
txn_02405,1027.67,UPI,Yes Bank,otp_timeout,19,1,1,0
txn_02406,430.22,Card,Kotak,bank_server_down,10,1,0,1
txn_02407,225.16,Wallet,Kotak,insufficient_funds,20,1,1,0
txn_02408,35.09,Netbanking,SBI,session_timeout,6,1,0,0
txn_02409,329.47,Card,PNB,otp_timeout,1,1,0,0
txn_02410,147.3,UPI,SBI,insufficient_funds,3,1,0,0
txn_02411,1793.37,UPI,ICICI,insufficient_funds,1,1,1,0
txn_02412,170.74,UPI,ICICI,insufficient_funds,18,1,2,0
txn_02413,607.69,Wallet,PNB,insufficient_funds,6,1,1,0
txn_02414,6928.68,UPI,ICICI,network_error,22,1,1,0
txn_02415,456.21,Card,Kotak,insufficient_funds,22,0,1,0
txn_02416,675.41,Card,PNB,otp_timeout,12,0,1,0
txn_02417,247.93,Netbanking,SBI,insufficient_funds,13,1,0,0
txn_02418,1191.95,UPI,Yes Bank,otp_timeout,16,0,2,0
txn_02419,479.56,UPI,HDFC,network_error,11,1,3,0
txn_02420,1361.46,UPI,PNB,insufficient_funds,22,1,2,0
txn_02421,923.99,UPI,HDFC,bank_server_down,19,1,0,0
txn_02422,2883.9,Wallet,PNB,network_error,5,0,1,0
txn_02423,2022.38,UPI,HDFC,otp_timeout,1,0,0,1
txn_02424,204.62,Card,Kotak,bank_server_down,7,1,0,0
txn_02425,1000.28,Netbanking,PNB,bank_server_down,21,0,1,0
txn_02426,205.79,Netbanking,HDFC,session_timeout,14,1,0,0
txn_02427,426.19,Card,Yes Bank,insufficient_funds,8,0,1,0
txn_02428,39.66,Netbanking,Axis,bank_server_down,0,0,3,0
txn_02429,449.65,UPI,Axis,otp_timeout,11,0,2,0
txn_02430,1261.1,UPI,Kotak,network_error,1,0,0,0
txn_02431,1045.76,Netbanking,Kotak,bank_server_down,11,0,1,1
txn_02432,2807.67,UPI,HDFC,bank_server_down,3,0,1,1
txn_02433,946.17,UPI,SBI,network_error,18,0,2,1
txn_02434,531.69,Card,Kotak,otp_timeout,16,0,0,1
txn_02435,613.95,UPI,PNB,network_error,2,0,0,1
txn_02436,69.56,UPI,ICICI,insufficient_funds,10,1,0,0
txn_02437,603.39,UPI,PNB,insufficient_funds,2,0,1,0
txn_02438,1312.86,Wallet,Axis,network_error,6,0,0,0
txn_02439,1733.02,Card,Yes Bank,insufficient_funds,6,0,3,0
txn_02440,1258.78,Card,HDFC,insufficient_funds,5,1,1,0
txn_02441,1587.73,Netbanking,SBI,bank_server_down,2,0,0,0
txn_02442,349.37,UPI,PNB,network_error,21,0,1,0
txn_02443,2020.59,UPI,Kotak,network_error,9,1,2,1
txn_02444,396.76,Wallet,ICICI,network_error,0,1,0,1
txn_02445,130.09,Card,ICICI,otp_timeout,18,0,1,0
txn_02446,100.9,Wallet,ICICI,network_error,5,1,0,1
txn_02447,458.26,UPI,SBI,insufficient_funds,23,0,0,0
txn_02448,136.24,UPI,PNB,otp_timeout,19,0,1,1
txn_02449,330.63,Card,HDFC,card_declined,11,0,1,0
txn_02450,1113.07,UPI,Axis,network_error,14,0,0,0
txn_02451,1316.37,UPI,ICICI,bank_server_down,3,1,0,0
txn_02452,483.88,UPI,Yes Bank,insufficient_funds,4,0,1,0
txn_02453,924.56,UPI,Kotak,insufficient_funds,7,1,1,0
txn_02454,421.31,Card,SBI,card_declined,10,1,1,0
txn_02455,171.56,UPI,Yes Bank,bank_server_down,6,1,1,0
txn_02456,153.52,Card,SBI,card_declined,6,1,1,0
txn_02457,4399.77,UPI,ICICI,network_error,10,1,1,1
txn_02458,1035.15,Card,SBI,insufficient_funds,19,1,0,0
txn_02459,111.16,Netbanking,HDFC,session_timeout,1,0,0,1
txn_02460,379.51,Card,Kotak,card_declined,23,0,0,0
txn_02461,181.63,UPI,Yes Bank,insufficient_funds,19,0,1,0
txn_02462,1067.37,UPI,ICICI,bank_server_down,4,1,0,0
txn_02463,484.64,Netbanking,Yes Bank,bank_server_down,16,1,1,0
txn_02464,1247.85,UPI,ICICI,otp_timeout,6,1,1,1
txn_02465,130.44,Card,PNB,card_declined,17,1,2,0
txn_02466,466.94,UPI,SBI,insufficient_funds,7,1,2,0
txn_02467,724.4,UPI,SBI,bank_server_down,23,1,1,0
txn_02468,294.56,Netbanking,Axis,insufficient_funds,13,1,1,0
txn_02469,350.08,UPI,Axis,otp_timeout,8,1,1,0
txn_02470,1644.5,UPI,Yes Bank,insufficient_funds,15,1,0,1
txn_02471,2396.68,Netbanking,SBI,bank_server_down,4,1,0,1
txn_02472,348.17,UPI,SBI,insufficient_funds,0,1,0,1
txn_02473,358.7,Card,HDFC,card_declined,21,1,3,0
txn_02474,668.78,Card,Yes Bank,bank_server_down,6,1,0,1
txn_02475,144.38,UPI,HDFC,insufficient_funds,11,1,2,0
txn_02476,639.12,Card,Kotak,bank_server_down,18,0,0,0
txn_02477,780.3,Wallet,ICICI,insufficient_funds,1,1,1,0
txn_02478,618.75,UPI,SBI,otp_timeout,11,1,0,1
txn_02479,246.86,Card,Axis,insufficient_funds,18,1,0,0
txn_02480,379.86,Card,Axis,insufficient_funds,18,1,0,0
txn_02481,275.78,UPI,Kotak,network_error,4,0,2,1
txn_02482,640.98,Card,Yes Bank,otp_timeout,7,1,1,0
txn_02483,286.85,UPI,HDFC,network_error,23,1,0,1
txn_02484,308.93,UPI,Axis,insufficient_funds,22,0,1,0
txn_02485,111.62,UPI,ICICI,otp_timeout,20,0,3,0
txn_02486,259.04,Card,SBI,card_declined,15,1,1,0
txn_02487,460.75,UPI,SBI,bank_server_down,14,0,0,0
txn_02488,486.59,Netbanking,SBI,bank_server_down,1,1,1,0
txn_02489,453.58,Card,HDFC,otp_timeout,19,1,0,0
txn_02490,743.28,UPI,Yes Bank,otp_timeout,0,1,0,0
txn_02491,117.25,UPI,ICICI,bank_server_down,13,0,1,0
txn_02492,855.89,UPI,Axis,network_error,4,1,1,0
txn_02493,1449.73,Card,Kotak,otp_timeout,16,0,0,1
txn_02494,1787.28,UPI,Axis,bank_server_down,14,1,2,1
txn_02495,1287.2,UPI,Axis,otp_timeout,16,1,1,1
txn_02496,619.39,UPI,PNB,otp_timeout,4,1,1,1
txn_02497,778.54,Wallet,Kotak,network_error,19,1,0,0
txn_02498,523.85,UPI,PNB,network_error,12,1,0,1
txn_02499,276.26,UPI,Yes Bank,insufficient_funds,19,1,1,0
txn_02500,3492.72,UPI,Axis,network_error,8,1,1,0
txn_02501,1897.12,Netbanking,HDFC,bank_server_down,0,0,0,1
txn_02502,757.06,UPI,ICICI,bank_server_down,7,0,2,1
txn_02503,521.9,Card,Kotak,card_declined,21,1,1,0
txn_02504,351.4,Card,Kotak,card_declined,8,1,2,0
txn_02505,1332.75,UPI,Kotak,bank_server_down,3,1,0,1
txn_02506,632.11,UPI,ICICI,bank_server_down,0,1,0,0
txn_02507,530.5,UPI,SBI,otp_timeout,12,0,1,1
txn_02508,2191.78,UPI,SBI,bank_server_down,12,1,2,1
txn_02509,1000.58,UPI,HDFC,network_error,11,1,1,0
txn_02510,5700.1,Card,Yes Bank,card_declined,22,0,0,0
txn_02511,369.87,UPI,Yes Bank,bank_server_down,18,0,1,0
txn_02512,270.03,UPI,ICICI,bank_server_down,6,1,0,1
txn_02513,2440.4,UPI,HDFC,otp_timeout,13,0,0,1
txn_02514,867.32,UPI,SBI,network_error,20,1,1,0
txn_02515,525.12,Card,HDFC,insufficient_funds,12,1,1,0
txn_02516,485.14,UPI,Kotak,bank_server_down,10,0,1,0
txn_02517,1002.32,Card,PNB,insufficient_funds,14,1,0,1
txn_02518,248.86,Card,Axis,card_declined,13,0,0,1
txn_02519,242.11,UPI,SBI,otp_timeout,20,1,0,1
txn_02520,562.71,UPI,Yes Bank,insufficient_funds,2,1,0,1
txn_02521,1062.59,UPI,PNB,insufficient_funds,14,1,1,0
txn_02522,211.38,UPI,SBI,otp_timeout,1,1,0,1
txn_02523,307.1,Netbanking,PNB,bank_server_down,6,1,2,0
txn_02524,317.85,UPI,Axis,otp_timeout,14,1,0,1
txn_02525,571.13,Card,Yes Bank,bank_server_down,19,0,0,0
txn_02526,438.64,Card,Yes Bank,otp_timeout,6,1,1,1
txn_02527,582.12,UPI,Axis,network_error,4,1,0,1
txn_02528,263.87,UPI,HDFC,insufficient_funds,15,1,1,1
txn_02529,873.36,Netbanking,Axis,insufficient_funds,7,0,1,0
txn_02530,388.55,Netbanking,Kotak,bank_server_down,14,0,1,1
txn_02531,1517.04,UPI,SBI,bank_server_down,4,1,0,1
txn_02532,304.03,UPI,ICICI,insufficient_funds,7,1,0,0
txn_02533,254.56,UPI,Yes Bank,insufficient_funds,5,0,1,1
txn_02534,137.19,UPI,Axis,otp_timeout,15,1,0,1
txn_02535,1743.88,UPI,ICICI,bank_server_down,16,1,0,1
txn_02536,595.05,UPI,Yes Bank,bank_server_down,4,0,0,0
txn_02537,539.07,Card,HDFC,insufficient_funds,8,1,0,0
txn_02538,261.2,UPI,SBI,otp_timeout,16,1,0,1
txn_02539,1352.36,Card,Axis,bank_server_down,12,1,0,0
txn_02540,1321.83,UPI,Yes Bank,otp_timeout,17,0,1,0
txn_02541,1668.05,Netbanking,SBI,bank_server_down,23,1,1,0
txn_02542,622.01,UPI,PNB,bank_server_down,23,1,1,0
txn_02543,740.82,UPI,PNB,insufficient_funds,18,1,0,0
txn_02544,209.9,Netbanking,Kotak,bank_server_down,11,0,3,0
txn_02545,3808.93,UPI,Yes Bank,insufficient_funds,2,0,0,0
txn_02546,1236.13,UPI,Yes Bank,network_error,10,1,1,1
txn_02547,518.8,Card,PNB,otp_timeout,17,0,1,1
txn_02548,373.9,Netbanking,Axis,insufficient_funds,12,1,0,0
txn_02549,572.87,Netbanking,Yes Bank,bank_server_down,21,1,0,0
txn_02550,1710.83,Netbanking,Kotak,bank_server_down,17,1,0,1
txn_02551,222.41,UPI,HDFC,insufficient_funds,16,1,0,0
txn_02552,653.65,UPI,ICICI,insufficient_funds,9,1,0,0
txn_02553,323.2,UPI,SBI,otp_timeout,15,1,0,0
txn_02554,1031.15,Netbanking,HDFC,bank_server_down,13,1,1,0
txn_02555,888.5,UPI,Axis,otp_timeout,0,1,1,1
txn_02556,276.12,Card,Kotak,otp_timeout,0,0,1,0
txn_02557,325.89,Netbanking,ICICI,insufficient_funds,20,0,0,0
txn_02558,200.3,Card,SBI,card_declined,8,0,0,1
txn_02559,562.46,UPI,SBI,insufficient_funds,19,1,0,0
txn_02560,3705.77,Netbanking,Axis,bank_server_down,22,1,0,0
txn_02561,935.59,Card,Axis,bank_server_down,7,1,0,1
txn_02562,260.39,Netbanking,ICICI,bank_server_down,13,1,1,0
txn_02563,458.05,UPI,Axis,bank_server_down,16,0,3,0
txn_02564,526.5,Netbanking,HDFC,insufficient_funds,4,1,2,0
txn_02565,457.57,Card,Yes Bank,otp_timeout,13,1,1,0
txn_02566,633.29,UPI,Axis,network_error,3,1,1,1
txn_02567,1256.17,Card,Yes Bank,bank_server_down,18,0,2,0
txn_02568,770.89,Netbanking,PNB,session_timeout,23,0,2,1
txn_02569,1534.83,UPI,SBI,otp_timeout,7,1,0,1
txn_02570,309.65,Netbanking,SBI,session_timeout,15,0,1,1
txn_02571,1268.91,Card,Axis,bank_server_down,2,1,0,1
txn_02572,779.52,Card,Kotak,insufficient_funds,17,0,0,1
txn_02573,447.61,UPI,PNB,insufficient_funds,7,0,0,0
txn_02574,1952.54,UPI,Kotak,network_error,3,1,1,1
txn_02575,468.69,Wallet,HDFC,insufficient_funds,8,1,0,1
txn_02576,374.55,UPI,Kotak,network_error,7,1,0,1
txn_02577,1816.55,Netbanking,ICICI,insufficient_funds,15,1,0,1
txn_02578,4129.42,UPI,SBI,bank_server_down,11,1,0,0
txn_02579,1953.36,Card,ICICI,card_declined,19,1,1,1
txn_02580,212.51,Card,Yes Bank,card_declined,8,1,2,0
txn_02581,540.0,Netbanking,ICICI,session_timeout,7,0,2,0
txn_02582,244.38,Card,HDFC,bank_server_down,18,0,0,1
txn_02583,2130.19,UPI,Yes Bank,insufficient_funds,20,1,1,0
txn_02584,2199.4,UPI,Axis,bank_server_down,13,0,1,0
txn_02585,1606.39,Wallet,Kotak,network_error,12,0,0,0
txn_02586,528.98,Netbanking,Axis,session_timeout,15,1,0,0
txn_02587,1017.77,Netbanking,SBI,insufficient_funds,0,1,1,0
txn_02588,233.62,UPI,Axis,network_error,0,1,3,0
txn_02589,560.49,Card,PNB,card_declined,18,1,0,0
txn_02590,1373.56,Card,ICICI,insufficient_funds,11,0,0,0
txn_02591,108.85,UPI,Axis,bank_server_down,17,1,1,0
txn_02592,894.38,Card,Yes Bank,otp_timeout,16,1,0,1
txn_02593,369.39,UPI,SBI,insufficient_funds,12,1,1,0
txn_02594,283.18,UPI,Yes Bank,network_error,3,0,0,1
txn_02595,2076.17,Netbanking,ICICI,insufficient_funds,8,0,1,1
txn_02596,404.43,Netbanking,ICICI,insufficient_funds,8,1,1,1
txn_02597,550.68,UPI,PNB,bank_server_down,21,0,0,1
txn_02598,406.61,UPI,PNB,otp_timeout,4,1,1,0
txn_02599,527.1,UPI,PNB,bank_server_down,7,0,0,0
txn_02600,715.41,Card,SBI,otp_timeout,2,0,0,0
txn_02601,329.48,Wallet,HDFC,network_error,20,0,0,1
txn_02602,158.94,UPI,SBI,insufficient_funds,16,1,0,0
txn_02603,990.28,UPI,Yes Bank,bank_server_down,6,1,0,1
txn_02604,78.17,Card,ICICI,insufficient_funds,9,1,1,0
txn_02605,1053.61,Card,Yes Bank,bank_server_down,22,0,0,0
txn_02606,381.91,UPI,Axis,network_error,20,1,0,1
txn_02607,2686.9,Card,Axis,card_declined,12,0,1,1
txn_02608,1988.08,UPI,ICICI,network_error,11,1,1,1
txn_02609,182.76,Wallet,SBI,network_error,22,0,0,1
txn_02610,685.72,Card,PNB,card_declined,8,0,0,1
txn_02611,3231.58,Card,HDFC,otp_timeout,7,1,1,0
txn_02612,673.72,UPI,Yes Bank,network_error,12,1,1,1
txn_02613,206.75,Netbanking,Kotak,bank_server_down,12,0,1,0
txn_02614,4283.52,UPI,PNB,network_error,14,1,0,0
txn_02615,1958.87,Netbanking,ICICI,bank_server_down,14,1,0,0
txn_02616,534.36,UPI,SBI,bank_server_down,3,0,1,1
txn_02617,684.92,UPI,Kotak,otp_timeout,15,1,0,1
txn_02618,921.85,UPI,Axis,network_error,15,0,2,0
txn_02619,2594.21,Card,Kotak,bank_server_down,10,0,1,0
txn_02620,615.33,Wallet,Axis,insufficient_funds,21,0,0,0
txn_02621,744.54,Card,Kotak,bank_server_down,23,0,2,1
txn_02622,272.6,UPI,Axis,network_error,1,0,1,1
txn_02623,2296.84,UPI,PNB,otp_timeout,0,1,1,1
txn_02624,1493.0,UPI,Yes Bank,bank_server_down,10,1,1,0
txn_02625,255.16,Netbanking,ICICI,session_timeout,5,1,1,0
txn_02626,1313.29,Netbanking,Axis,insufficient_funds,10,0,1,0
txn_02627,208.94,UPI,Kotak,network_error,18,0,2,0
txn_02628,742.64,UPI,HDFC,bank_server_down,10,1,1,1
txn_02629,131.16,UPI,HDFC,bank_server_down,10,0,1,0
txn_02630,926.32,UPI,SBI,otp_timeout,2,0,2,0
txn_02631,1104.12,UPI,Yes Bank,network_error,20,1,1,1
txn_02632,571.48,UPI,ICICI,insufficient_funds,1,1,0,0
txn_02633,345.24,Netbanking,Kotak,insufficient_funds,3,1,1,0
txn_02634,2116.01,UPI,Kotak,otp_timeout,16,1,0,0
txn_02635,69.72,UPI,ICICI,bank_server_down,12,0,0,0
txn_02636,1207.49,UPI,PNB,bank_server_down,11,1,0,0
txn_02637,631.82,UPI,Yes Bank,insufficient_funds,0,1,0,0
txn_02638,1860.68,Netbanking,PNB,session_timeout,22,1,0,0
txn_02639,264.62,UPI,HDFC,otp_timeout,6,1,0,1
txn_02640,435.48,UPI,SBI,otp_timeout,21,0,3,0
txn_02641,843.61,Card,PNB,otp_timeout,23,1,1,0
txn_02642,1011.7,Card,Axis,card_declined,3,1,1,0
txn_02643,984.79,UPI,Kotak,bank_server_down,12,0,0,0
txn_02644,1683.17,Card,Kotak,otp_timeout,10,1,0,0
txn_02645,2404.09,Card,ICICI,bank_server_down,19,0,0,0
txn_02646,1905.19,UPI,SBI,network_error,14,1,2,0
txn_02647,271.51,UPI,SBI,network_error,22,0,1,1
txn_02648,1935.18,Card,PNB,bank_server_down,6,0,1,0
txn_02649,1016.73,Card,PNB,otp_timeout,4,1,1,1
txn_02650,184.16,UPI,SBI,insufficient_funds,14,1,0,0
txn_02651,378.59,UPI,Axis,insufficient_funds,16,0,0,1
txn_02652,1937.13,Card,PNB,otp_timeout,13,0,0,0
txn_02653,279.54,Card,Kotak,insufficient_funds,13,1,0,0
txn_02654,187.91,UPI,ICICI,network_error,0,1,0,0
txn_02655,363.61,Card,SBI,otp_timeout,20,1,2,1
txn_02656,726.42,Card,PNB,bank_server_down,1,1,0,0
txn_02657,2254.72,Card,HDFC,insufficient_funds,2,1,2,0
txn_02658,1700.33,UPI,SBI,insufficient_funds,18,1,2,0
txn_02659,302.09,Card,Kotak,card_declined,18,1,0,1
txn_02660,600.08,UPI,Axis,network_error,23,0,0,1
txn_02661,212.1,Netbanking,PNB,bank_server_down,12,0,1,0
txn_02662,1581.48,Card,ICICI,insufficient_funds,0,0,0,0
txn_02663,1031.82,Netbanking,HDFC,insufficient_funds,21,1,0,0
txn_02664,444.63,UPI,Kotak,network_error,20,1,2,1
txn_02665,254.07,Wallet,Yes Bank,insufficient_funds,10,1,0,0
txn_02666,260.8,Card,Yes Bank,insufficient_funds,16,1,2,0
txn_02667,5379.46,UPI,PNB,otp_timeout,8,1,1,0
txn_02668,1551.47,Card,Axis,card_declined,4,1,0,1
txn_02669,755.41,UPI,ICICI,insufficient_funds,21,0,1,0
txn_02670,3896.87,UPI,PNB,otp_timeout,23,1,0,1
txn_02671,1738.43,UPI,Yes Bank,otp_timeout,5,0,1,0
txn_02672,1041.67,Card,Yes Bank,bank_server_down,13,0,2,0
txn_02673,3157.95,Netbanking,Axis,insufficient_funds,17,1,0,0
txn_02674,261.28,Card,ICICI,insufficient_funds,0,0,0,0
txn_02675,988.4,Netbanking,HDFC,bank_server_down,9,1,0,0
txn_02676,1577.01,UPI,Axis,network_error,10,1,0,1
txn_02677,175.99,Netbanking,PNB,insufficient_funds,23,0,0,0
txn_02678,113.62,UPI,Kotak,insufficient_funds,21,0,2,0
txn_02679,116.56,Wallet,HDFC,network_error,19,1,1,0
txn_02680,922.26,Card,ICICI,card_declined,3,0,1,1
txn_02681,1580.28,UPI,Yes Bank,otp_timeout,0,1,0,1
txn_02682,945.79,UPI,SBI,network_error,20,0,0,0
txn_02683,3087.72,Card,ICICI,otp_timeout,3,0,1,1
txn_02684,127.53,Wallet,ICICI,insufficient_funds,11,1,3,0
txn_02685,394.98,UPI,ICICI,insufficient_funds,3,1,0,0
txn_02686,384.37,UPI,ICICI,insufficient_funds,3,0,0,0
txn_02687,868.02,Card,Yes Bank,insufficient_funds,10,0,0,0
txn_02688,267.48,UPI,ICICI,network_error,13,0,0,1
txn_02689,2482.15,UPI,Yes Bank,otp_timeout,9,1,0,1
txn_02690,626.23,Card,SBI,bank_server_down,11,1,1,0
txn_02691,242.04,UPI,ICICI,insufficient_funds,14,0,2,0
txn_02692,1087.09,UPI,Yes Bank,bank_server_down,5,1,0,0
txn_02693,328.2,Netbanking,Yes Bank,insufficient_funds,18,1,0,0
txn_02694,2433.85,UPI,PNB,otp_timeout,6,0,2,1
txn_02695,301.19,UPI,Kotak,network_error,15,1,0,0
txn_02696,628.6,Card,ICICI,otp_timeout,13,0,0,1
txn_02697,402.72,UPI,SBI,otp_timeout,3,1,1,1
txn_02698,941.52,UPI,Yes Bank,network_error,21,1,0,1
txn_02699,185.91,UPI,ICICI,insufficient_funds,4,1,0,0
txn_02700,800.03,UPI,Yes Bank,insufficient_funds,19,1,1,0
txn_02701,154.06,Card,SBI,card_declined,21,1,1,0
txn_02702,579.71,UPI,Axis,insufficient_funds,4,1,1,1
txn_02703,748.17,UPI,Kotak,insufficient_funds,22,0,0,1
txn_02704,337.99,UPI,Kotak,otp_timeout,10,0,1,1
txn_02705,157.97,UPI,SBI,insufficient_funds,9,1,1,0
txn_02706,1035.12,UPI,SBI,otp_timeout,3,0,0,1
txn_02707,219.88,UPI,Kotak,insufficient_funds,15,0,0,1
txn_02708,2468.78,Card,Axis,bank_server_down,3,1,0,0
txn_02709,212.42,Netbanking,SBI,insufficient_funds,3,0,0,0
txn_02710,245.66,Card,ICICI,card_declined,18,0,2,0
txn_02711,2257.91,Wallet,Axis,insufficient_funds,20,1,0,0
txn_02712,648.43,UPI,SBI,bank_server_down,19,1,1,0
txn_02713,1326.28,UPI,Axis,network_error,21,1,2,0
txn_02714,254.72,UPI,Axis,bank_server_down,6,1,1,0
txn_02715,531.17,Netbanking,SBI,session_timeout,6,1,0,1
txn_02716,1170.12,Netbanking,SBI,insufficient_funds,4,1,1,1
txn_02717,407.97,UPI,HDFC,otp_timeout,10,1,0,1
txn_02718,1963.29,Card,Axis,bank_server_down,14,0,0,1
txn_02719,3347.54,UPI,HDFC,network_error,19,1,0,1
txn_02720,674.06,UPI,Axis,insufficient_funds,12,1,2,0
txn_02721,7017.27,UPI,ICICI,otp_timeout,9,0,1,0
txn_02722,938.65,UPI,Yes Bank,bank_server_down,0,0,0,0
txn_02723,2167.27,UPI,SBI,network_error,7,0,1,1
txn_02724,1758.34,Card,SBI,card_declined,13,0,3,0
txn_02725,2104.82,Netbanking,Kotak,insufficient_funds,3,1,1,0
txn_02726,261.66,UPI,HDFC,insufficient_funds,10,0,1,0
txn_02727,355.05,Card,HDFC,insufficient_funds,10,1,1,0
txn_02728,1302.67,UPI,HDFC,otp_timeout,9,1,0,1
txn_02729,1521.59,Card,Kotak,otp_timeout,3,0,1,1
txn_02730,903.21,Netbanking,ICICI,bank_server_down,5,1,1,0
txn_02731,2430.85,Card,PNB,card_declined,21,1,0,0
txn_02732,3182.51,Wallet,ICICI,network_error,20,1,0,1
txn_02733,1005.09,Card,Kotak,bank_server_down,6,0,1,0
txn_02734,698.23,UPI,Kotak,insufficient_funds,4,1,0,0
txn_02735,126.27,UPI,SBI,otp_timeout,9,0,2,1
txn_02736,2844.69,UPI,ICICI,insufficient_funds,16,0,0,0
txn_02737,1165.12,Card,PNB,otp_timeout,14,0,2,1
txn_02738,570.92,Card,HDFC,insufficient_funds,8,1,1,0
txn_02739,697.76,Card,Kotak,otp_timeout,12,1,0,1
txn_02740,1717.91,UPI,Yes Bank,bank_server_down,22,0,1,0
txn_02741,455.21,Card,Kotak,otp_timeout,23,0,2,1
txn_02742,2202.66,UPI,ICICI,insufficient_funds,10,1,0,0
txn_02743,1333.14,Netbanking,Yes Bank,bank_server_down,20,1,0,0
txn_02744,885.39,Netbanking,SBI,insufficient_funds,0,1,1,0
txn_02745,186.42,Netbanking,Yes Bank,insufficient_funds,8,1,2,0
txn_02746,9905.71,Wallet,Kotak,insufficient_funds,9,0,1,0
txn_02747,616.35,UPI,ICICI,insufficient_funds,6,1,1,0
txn_02748,2203.37,UPI,SBI,otp_timeout,20,1,3,1
txn_02749,945.64,Card,Kotak,insufficient_funds,5,1,3,1
txn_02750,473.42,UPI,ICICI,bank_server_down,1,1,0,1
txn_02751,617.12,UPI,PNB,otp_timeout,16,0,2,1
txn_02752,671.98,Netbanking,PNB,bank_server_down,7,0,0,1
txn_02753,1083.14,UPI,Yes Bank,insufficient_funds,6,1,0,0
txn_02754,1457.49,UPI,ICICI,network_error,14,0,0,0
txn_02755,788.81,Netbanking,Yes Bank,bank_server_down,11,1,0,0
txn_02756,135.73,UPI,PNB,otp_timeout,11,1,0,1
txn_02757,367.91,Card,Axis,card_declined,18,1,1,1
txn_02758,1201.86,Card,HDFC,card_declined,13,1,0,0
txn_02759,3145.83,UPI,Yes Bank,otp_timeout,9,1,0,1
txn_02760,1091.72,Netbanking,HDFC,bank_server_down,16,1,1,1
txn_02761,1074.41,UPI,SBI,bank_server_down,6,0,1,0
txn_02762,769.6,UPI,SBI,bank_server_down,9,1,0,0
txn_02763,587.0,UPI,Yes Bank,otp_timeout,3,1,0,0
txn_02764,715.07,UPI,PNB,otp_timeout,4,0,1,0
txn_02765,1472.58,Card,HDFC,insufficient_funds,6,0,1,1
txn_02766,116.41,UPI,PNB,insufficient_funds,9,0,2,0
txn_02767,75.54,UPI,PNB,network_error,7,0,0,1
txn_02768,166.41,UPI,PNB,network_error,1,0,1,1
txn_02769,733.65,UPI,Kotak,insufficient_funds,11,1,3,0
txn_02770,2337.56,UPI,ICICI,network_error,6,1,2,0
txn_02771,214.91,Netbanking,Kotak,insufficient_funds,12,1,0,1
txn_02772,396.74,UPI,Axis,insufficient_funds,7,1,3,0
txn_02773,534.04,UPI,HDFC,insufficient_funds,12,1,3,0
txn_02774,696.72,UPI,Axis,otp_timeout,15,1,3,1
txn_02775,176.15,UPI,Kotak,bank_server_down,23,0,1,0
txn_02776,194.0,Card,PNB,bank_server_down,11,0,0,0
txn_02777,2901.67,Netbanking,PNB,insufficient_funds,9,1,1,0
txn_02778,2116.29,Wallet,PNB,network_error,3,1,0,0
txn_02779,2099.55,UPI,HDFC,bank_server_down,14,1,0,1
txn_02780,1010.98,Card,Kotak,card_declined,23,1,0,1
txn_02781,541.66,Wallet,PNB,network_error,15,1,0,0
txn_02782,755.04,UPI,SBI,bank_server_down,2,0,0,0
txn_02783,1412.8,UPI,PNB,bank_server_down,17,1,1,0
txn_02784,1393.57,UPI,Kotak,network_error,12,1,1,0
txn_02785,604.97,Wallet,ICICI,insufficient_funds,16,0,0,0
txn_02786,2680.94,UPI,ICICI,insufficient_funds,9,1,2,0
txn_02787,293.4,Card,ICICI,bank_server_down,5,1,0,1
txn_02788,559.55,UPI,HDFC,network_error,7,0,1,0
txn_02789,506.62,Netbanking,PNB,insufficient_funds,13,1,0,1
txn_02790,1382.67,Card,SBI,otp_timeout,8,1,1,0
txn_02791,397.93,UPI,PNB,network_error,12,1,1,1
txn_02792,191.5,Card,SBI,card_declined,2,0,0,0
txn_02793,609.34,UPI,HDFC,otp_timeout,1,1,0,1
txn_02794,351.81,UPI,HDFC,network_error,2,0,0,1
txn_02795,1665.46,Card,Kotak,otp_timeout,6,1,3,0
txn_02796,170.33,UPI,HDFC,insufficient_funds,1,1,0,0
txn_02797,286.96,Netbanking,Kotak,session_timeout,22,0,1,1
txn_02798,3815.87,UPI,Axis,network_error,15,1,1,1
txn_02799,362.83,UPI,Yes Bank,insufficient_funds,23,0,1,0
txn_02800,2377.49,Netbanking,Kotak,session_timeout,19,1,1,0
txn_02801,373.17,Card,Yes Bank,insufficient_funds,1,1,1,0
txn_02802,3849.85,Card,Yes Bank,bank_server_down,21,0,0,0
txn_02803,349.64,UPI,HDFC,insufficient_funds,15,1,0,0
txn_02804,450.2,UPI,SBI,insufficient_funds,22,0,0,0
txn_02805,1993.05,Card,PNB,card_declined,11,0,1,0
txn_02806,2042.54,UPI,SBI,bank_server_down,4,0,0,1
txn_02807,142.95,Netbanking,Yes Bank,bank_server_down,21,1,0,0
txn_02808,162.23,Wallet,Axis,insufficient_funds,6,1,0,0
txn_02809,67.06,UPI,Yes Bank,network_error,2,1,0,0
txn_02810,652.85,UPI,Yes Bank,network_error,16,0,0,1
txn_02811,5433.81,UPI,Kotak,insufficient_funds,16,1,1,0
txn_02812,66.72,UPI,PNB,network_error,7,0,0,1
txn_02813,4028.08,Netbanking,SBI,bank_server_down,12,1,0,0
txn_02814,92.65,Card,HDFC,insufficient_funds,2,0,0,0
txn_02815,623.53,Card,PNB,otp_timeout,9,0,0,1
txn_02816,1596.38,UPI,Kotak,bank_server_down,22,1,0,1
txn_02817,487.65,UPI,ICICI,insufficient_funds,10,0,1,0
txn_02818,690.63,Card,PNB,insufficient_funds,19,1,1,0
txn_02819,471.44,UPI,PNB,network_error,0,1,0,1
txn_02820,306.92,Card,SBI,card_declined,4,0,2,0
txn_02821,1272.03,UPI,SBI,bank_server_down,8,1,0,1
txn_02822,374.4,UPI,Kotak,network_error,4,1,0,0
txn_02823,4003.06,Netbanking,Yes Bank,session_timeout,23,1,0,1
txn_02824,204.47,Netbanking,Kotak,session_timeout,20,0,1,0
txn_02825,1559.1,Netbanking,Yes Bank,insufficient_funds,10,0,0,0
txn_02826,2873.88,UPI,PNB,insufficient_funds,3,1,0,0
txn_02827,958.52,UPI,SBI,otp_timeout,5,1,1,1
txn_02828,438.05,UPI,SBI,insufficient_funds,4,1,3,0
txn_02829,277.7,Card,ICICI,bank_server_down,6,1,2,0
txn_02830,153.96,Card,HDFC,card_declined,15,1,0,1
txn_02831,74.01,UPI,SBI,bank_server_down,17,1,1,0
txn_02832,596.56,UPI,PNB,otp_timeout,16,0,0,0
txn_02833,798.66,UPI,PNB,bank_server_down,3,1,2,1
txn_02834,520.92,UPI,Kotak,bank_server_down,21,1,0,1
txn_02835,1159.63,Netbanking,ICICI,session_timeout,22,0,0,0
txn_02836,267.83,UPI,SBI,otp_timeout,16,0,1,1
txn_02837,2673.23,UPI,Axis,network_error,0,0,0,0
txn_02838,525.56,UPI,PNB,network_error,4,1,0,0
txn_02839,1682.09,UPI,ICICI,insufficient_funds,5,0,1,0
txn_02840,778.13,UPI,ICICI,network_error,18,0,0,1
txn_02841,284.5,UPI,Kotak,network_error,3,1,0,1
txn_02842,250.87,Wallet,HDFC,insufficient_funds,0,1,1,1
txn_02843,877.66,Wallet,PNB,insufficient_funds,5,0,1,1
txn_02844,272.47,UPI,SBI,insufficient_funds,4,1,0,0
txn_02845,1698.34,Netbanking,PNB,bank_server_down,16,1,0,0
txn_02846,612.69,UPI,Axis,otp_timeout,14,0,0,0
txn_02847,1784.26,UPI,SBI,bank_server_down,23,0,1,1
txn_02848,357.75,UPI,SBI,insufficient_funds,19,1,0,0
txn_02849,686.93,Card,Yes Bank,card_declined,22,1,0,0
txn_02850,214.73,UPI,ICICI,bank_server_down,8,1,0,0
txn_02851,183.18,UPI,HDFC,network_error,22,1,2,0
txn_02852,1367.01,UPI,Yes Bank,network_error,21,0,1,0
txn_02853,208.66,UPI,ICICI,network_error,18,1,1,1
txn_02854,675.25,UPI,Yes Bank,bank_server_down,14,1,0,0
txn_02855,259.33,UPI,Axis,insufficient_funds,20,1,1,1
txn_02856,1237.9,Netbanking,PNB,bank_server_down,15,1,1,1
txn_02857,269.55,UPI,Kotak,network_error,15,1,0,1
txn_02858,549.84,Card,Yes Bank,bank_server_down,2,1,0,0
txn_02859,445.65,Card,SBI,card_declined,21,1,3,0
txn_02860,274.59,UPI,PNB,network_error,22,1,1,0
txn_02861,160.04,UPI,Yes Bank,bank_server_down,22,1,0,1
txn_02862,582.14,Netbanking,ICICI,session_timeout,8,1,0,0
txn_02863,487.53,Netbanking,HDFC,session_timeout,17,1,0,1
txn_02864,558.09,Card,Yes Bank,insufficient_funds,23,1,0,0
txn_02865,248.43,Card,PNB,insufficient_funds,19,0,2,0
txn_02866,1187.42,Card,PNB,otp_timeout,18,0,2,0
txn_02867,774.35,UPI,HDFC,bank_server_down,23,1,3,0
txn_02868,4796.8,Netbanking,HDFC,bank_server_down,19,0,1,0
txn_02869,617.19,UPI,SBI,bank_server_down,12,0,0,0
txn_02870,555.14,Card,Kotak,bank_server_down,20,1,1,1
txn_02871,170.85,Netbanking,PNB,insufficient_funds,12,1,0,0
txn_02872,2181.12,UPI,ICICI,otp_timeout,22,1,0,0
txn_02873,572.68,UPI,SBI,insufficient_funds,14,1,0,0
txn_02874,1246.64,UPI,ICICI,bank_server_down,12,1,0,0
txn_02875,861.26,UPI,HDFC,otp_timeout,12,1,1,1
txn_02876,1961.92,UPI,Kotak,network_error,23,0,1,0
txn_02877,511.38,UPI,SBI,bank_server_down,11,0,2,0
txn_02878,188.8,Card,SBI,bank_server_down,20,0,0,0
txn_02879,993.33,Netbanking,PNB,insufficient_funds,17,1,1,1
txn_02880,2121.86,UPI,Kotak,insufficient_funds,7,0,1,0
txn_02881,1038.36,Netbanking,HDFC,bank_server_down,16,1,1,0
txn_02882,233.82,UPI,SBI,network_error,9,1,1,0
txn_02883,245.5,UPI,Kotak,insufficient_funds,5,0,2,0
txn_02884,964.82,UPI,Axis,network_error,4,0,2,0
txn_02885,1796.68,UPI,ICICI,bank_server_down,5,1,2,0
txn_02886,394.6,UPI,Kotak,bank_server_down,22,1,2,0
txn_02887,79.05,Wallet,ICICI,network_error,15,1,0,1
txn_02888,859.84,Card,Yes Bank,card_declined,18,1,1,1
txn_02889,1398.47,UPI,Kotak,bank_server_down,19,1,1,1
txn_02890,267.11,UPI,Axis,network_error,23,0,0,1
txn_02891,418.84,UPI,Yes Bank,otp_timeout,19,0,1,1
txn_02892,2336.06,UPI,ICICI,network_error,17,0,1,1
txn_02893,766.53,UPI,PNB,network_error,21,1,1,1
txn_02894,60.05,Wallet,PNB,insufficient_funds,5,1,0,0
txn_02895,675.81,UPI,Yes Bank,bank_server_down,16,1,0,1
txn_02896,378.77,Card,Kotak,bank_server_down,2,0,1,1
txn_02897,2042.93,Wallet,ICICI,network_error,5,0,1,1
txn_02898,790.14,Card,PNB,card_declined,12,1,2,0
txn_02899,319.84,Netbanking,Yes Bank,session_timeout,12,0,0,1
txn_02900,266.17,Card,Axis,bank_server_down,5,0,0,0
txn_02901,195.14,Card,Kotak,insufficient_funds,17,1,1,0
txn_02902,308.58,UPI,ICICI,insufficient_funds,9,1,0,1
txn_02903,508.22,Card,HDFC,otp_timeout,20,1,1,1
txn_02904,245.97,UPI,Yes Bank,network_error,11,0,1,0
txn_02905,563.35,Card,ICICI,card_declined,14,1,0,1
txn_02906,160.69,Netbanking,HDFC,session_timeout,13,1,1,1
txn_02907,434.19,UPI,Yes Bank,network_error,13,1,0,1
txn_02908,892.42,Netbanking,Kotak,session_timeout,23,1,0,1
txn_02909,3056.01,UPI,HDFC,otp_timeout,20,1,0,1
txn_02910,145.43,Card,Axis,insufficient_funds,18,0,0,0
txn_02911,260.43,UPI,SBI,bank_server_down,3,0,0,0
txn_02912,2524.1,Netbanking,ICICI,bank_server_down,8,1,0,0
txn_02913,2082.77,UPI,Yes Bank,otp_timeout,7,0,0,1
txn_02914,739.12,Wallet,SBI,insufficient_funds,4,0,0,0
txn_02915,418.0,UPI,Yes Bank,network_error,1,1,1,0
txn_02916,1872.94,UPI,SBI,bank_server_down,14,1,2,0
txn_02917,341.04,UPI,Axis,bank_server_down,11,1,2,0
txn_02918,467.7,Netbanking,Kotak,session_timeout,8,1,1,1
txn_02919,619.85,UPI,ICICI,insufficient_funds,0,1,1,0
txn_02920,323.77,UPI,Yes Bank,network_error,12,1,1,0
txn_02921,380.55,UPI,ICICI,insufficient_funds,18,1,0,1
txn_02922,550.61,UPI,PNB,insufficient_funds,23,1,1,0
txn_02923,781.09,UPI,SBI,otp_timeout,17,1,0,1
txn_02924,2808.81,UPI,PNB,network_error,4,1,0,0
txn_02925,1621.56,UPI,PNB,network_error,10,0,0,0
txn_02926,960.58,Card,HDFC,insufficient_funds,17,1,1,0
txn_02927,758.25,Card,Yes Bank,insufficient_funds,8,1,0,0
txn_02928,585.44,Card,SBI,otp_timeout,11,0,0,1
txn_02929,1608.91,Card,HDFC,card_declined,2,1,2,0
txn_02930,4105.3,Card,Yes Bank,insufficient_funds,12,0,1,0
txn_02931,651.08,UPI,SBI,network_error,9,1,0,1
txn_02932,363.11,Card,PNB,insufficient_funds,4,1,1,1
txn_02933,1088.08,UPI,Axis,bank_server_down,23,0,1,1
txn_02934,419.36,Card,PNB,otp_timeout,21,1,1,1
txn_02935,348.09,UPI,ICICI,insufficient_funds,1,1,0,0
txn_02936,2201.85,UPI,ICICI,bank_server_down,9,1,1,0
txn_02937,995.37,UPI,Axis,insufficient_funds,2,1,2,0
txn_02938,241.27,Card,SBI,card_declined,11,0,1,1
txn_02939,879.07,Netbanking,ICICI,insufficient_funds,21,0,0,1
txn_02940,3043.01,UPI,PNB,insufficient_funds,19,1,0,0
txn_02941,2349.04,UPI,ICICI,otp_timeout,8,0,1,1
txn_02942,1035.03,UPI,HDFC,insufficient_funds,0,1,1,0
txn_02943,683.0,Netbanking,Yes Bank,bank_server_down,3,0,2,0
txn_02944,408.88,UPI,HDFC,insufficient_funds,7,1,0,0
txn_02945,601.49,UPI,Axis,insufficient_funds,20,1,1,0
txn_02946,1480.35,UPI,HDFC,network_error,13,0,1,0
txn_02947,857.7,Card,PNB,card_declined,10,1,2,0
txn_02948,4085.19,Wallet,PNB,insufficient_funds,12,1,1,0
txn_02949,121.43,Card,PNB,otp_timeout,6,1,0,0
txn_02950,957.98,UPI,SBI,bank_server_down,1,1,0,1
txn_02951,1139.95,Card,Axis,bank_server_down,21,0,1,0
txn_02952,1009.59,UPI,PNB,bank_server_down,21,1,1,1
txn_02953,480.19,Netbanking,HDFC,insufficient_funds,13,0,0,0
txn_02954,1838.39,Netbanking,SBI,bank_server_down,7,0,0,0
txn_02955,278.45,UPI,Axis,otp_timeout,8,0,0,1
txn_02956,1066.15,Card,SBI,insufficient_funds,2,0,0,0
txn_02957,1992.56,UPI,Kotak,network_error,16,0,0,0
txn_02958,175.69,Netbanking,ICICI,insufficient_funds,4,1,0,0
txn_02959,433.62,Card,ICICI,otp_timeout,21,1,0,1
txn_02960,595.15,Card,SBI,bank_server_down,2,0,1,0
txn_02961,5007.13,UPI,Yes Bank,insufficient_funds,14,0,1,0
txn_02962,2575.74,Netbanking,HDFC,session_timeout,5,0,0,0
txn_02963,604.77,UPI,ICICI,otp_timeout,3,1,0,1
txn_02964,7201.05,UPI,ICICI,network_error,19,1,1,1
txn_02965,835.03,Netbanking,HDFC,session_timeout,18,1,0,1
txn_02966,206.51,Card,ICICI,otp_timeout,1,1,0,0
txn_02967,202.63,UPI,Yes Bank,bank_server_down,12,1,2,0
txn_02968,1297.98,UPI,HDFC,network_error,14,1,0,0
txn_02969,156.32,UPI,PNB,otp_timeout,7,1,1,1
txn_02970,5592.36,UPI,Axis,network_error,17,0,1,1
txn_02971,769.93,UPI,ICICI,network_error,4,0,1,1
txn_02972,974.07,UPI,Yes Bank,bank_server_down,3,0,2,0
txn_02973,596.68,Netbanking,Yes Bank,session_timeout,3,0,0,0
txn_02974,753.73,Card,ICICI,otp_timeout,6,0,1,0
txn_02975,1783.1,Netbanking,ICICI,session_timeout,23,1,0,0
txn_02976,663.25,Wallet,PNB,insufficient_funds,15,1,0,0
txn_02977,460.09,Wallet,Kotak,network_error,19,1,0,1
txn_02978,102.01,Netbanking,ICICI,insufficient_funds,21,0,1,0
txn_02979,471.98,Card,ICICI,card_declined,21,1,2,0
txn_02980,717.43,UPI,PNB,otp_timeout,22,1,1,0
txn_02981,1141.76,UPI,ICICI,bank_server_down,5,1,0,1
txn_02982,949.51,Netbanking,Axis,session_timeout,11,1,0,0
txn_02983,6566.57,UPI,PNB,network_error,20,0,2,0
txn_02984,575.6,Netbanking,ICICI,session_timeout,22,0,0,1
txn_02985,4118.97,UPI,Kotak,bank_server_down,13,1,0,1
txn_02986,332.43,Card,Yes Bank,card_declined,22,0,1,1
txn_02987,583.33,UPI,Yes Bank,network_error,7,1,0,1
txn_02988,68.19,Card,Yes Bank,insufficient_funds,4,0,2,0
txn_02989,966.25,UPI,Axis,insufficient_funds,9,1,1,0
txn_02990,415.63,UPI,SBI,otp_timeout,12,0,1,0
txn_02991,251.81,Netbanking,Yes Bank,bank_server_down,5,1,0,1
txn_02992,1872.69,Netbanking,Kotak,session_timeout,8,1,0,0
txn_02993,428.39,UPI,SBI,network_error,14,0,1,1
txn_02994,1261.5,Card,PNB,bank_server_down,0,1,0,0
txn_02995,3598.09,UPI,PNB,insufficient_funds,22,0,0,1
txn_02996,1728.98,UPI,PNB,insufficient_funds,7,1,1,1
txn_02997,906.1,UPI,HDFC,bank_server_down,12,1,0,1
txn_02998,1722.25,UPI,Kotak,otp_timeout,20,0,2,0
txn_02999,138.41,Card,Yes Bank,insufficient_funds,20,0,1,0
txn_03000,342.86,UPI,SBI,bank_server_down,8,0,2,0
txn_03001,1793.83,UPI,Axis,network_error,14,1,1,1
txn_03002,6194.99,UPI,Axis,insufficient_funds,19,1,2,0
txn_03003,467.56,Card,Axis,card_declined,4,1,1,0
txn_03004,518.34,UPI,PNB,bank_server_down,20,0,1,0
txn_03005,214.86,UPI,PNB,bank_server_down,6,0,0,0
txn_03006,444.86,UPI,SBI,network_error,5,0,0,1
txn_03007,209.38,UPI,PNB,insufficient_funds,17,1,0,0
txn_03008,834.9,Card,Axis,insufficient_funds,1,1,0,1
txn_03009,223.54,UPI,SBI,insufficient_funds,22,1,0,0
txn_03010,390.13,UPI,SBI,network_error,0,0,0,0
txn_03011,355.05,UPI,PNB,otp_timeout,1,1,0,0
txn_03012,242.06,Card,HDFC,bank_server_down,11,1,2,0
txn_03013,812.8,Netbanking,Kotak,session_timeout,19,0,2,0
txn_03014,685.44,UPI,ICICI,insufficient_funds,2,1,2,0
txn_03015,191.43,UPI,Kotak,otp_timeout,10,1,2,0
txn_03016,427.21,Netbanking,Axis,insufficient_funds,17,0,0,0
txn_03017,844.34,UPI,SBI,otp_timeout,18,1,1,1
txn_03018,3541.86,UPI,PNB,bank_server_down,3,1,0,0
txn_03019,1301.85,UPI,Yes Bank,insufficient_funds,3,1,0,1
txn_03020,227.92,Netbanking,Axis,bank_server_down,4,1,0,0
txn_03021,576.93,UPI,PNB,insufficient_funds,11,1,0,0
txn_03022,2085.3,UPI,Yes Bank,network_error,6,1,0,0
txn_03023,471.13,Netbanking,Kotak,insufficient_funds,21,0,0,0
txn_03024,741.58,Card,Yes Bank,otp_timeout,15,0,3,0
txn_03025,228.51,Card,Yes Bank,bank_server_down,13,1,0,1
txn_03026,1012.24,Card,HDFC,otp_timeout,18,1,1,1
txn_03027,366.1,UPI,Yes Bank,insufficient_funds,12,0,0,0
txn_03028,1520.79,Netbanking,ICICI,insufficient_funds,18,1,1,1
txn_03029,349.47,UPI,ICICI,otp_timeout,23,0,0,1
txn_03030,237.26,Wallet,HDFC,insufficient_funds,15,1,0,1
txn_03031,378.09,Card,SBI,otp_timeout,20,1,2,1
txn_03032,500.02,Card,SBI,card_declined,13,1,0,0
txn_03033,833.13,Netbanking,SBI,session_timeout,9,1,1,0
txn_03034,274.14,UPI,HDFC,bank_server_down,13,1,1,0
txn_03035,456.37,Card,PNB,card_declined,8,1,3,0
txn_03036,198.93,UPI,ICICI,otp_timeout,17,0,1,1
txn_03037,790.28,Card,PNB,bank_server_down,20,1,1,0
txn_03038,476.43,UPI,ICICI,insufficient_funds,5,1,0,0
txn_03039,1381.23,UPI,Kotak,otp_timeout,6,1,1,1
txn_03040,89.15,UPI,PNB,bank_server_down,5,1,0,0
txn_03041,384.12,UPI,HDFC,insufficient_funds,11,0,0,0
txn_03042,1432.05,Card,HDFC,card_declined,3,1,0,0
txn_03043,2405.93,Card,SBI,card_declined,12,0,1,0
txn_03044,927.97,Card,ICICI,insufficient_funds,8,1,0,0
txn_03045,922.02,UPI,PNB,network_error,6,1,1,1
txn_03046,825.98,UPI,Kotak,otp_timeout,13,0,0,1
txn_03047,747.31,Netbanking,HDFC,session_timeout,0,0,0,0
txn_03048,449.73,Card,Kotak,otp_timeout,20,1,0,0
txn_03049,158.04,UPI,Yes Bank,otp_timeout,8,0,2,1
txn_03050,1428.78,Netbanking,ICICI,session_timeout,6,1,0,0
txn_03051,793.46,Netbanking,PNB,bank_server_down,12,1,1,1
txn_03052,485.14,UPI,Kotak,bank_server_down,12,1,0,0
txn_03053,1713.94,UPI,Axis,otp_timeout,13,0,1,0
txn_03054,2174.82,Card,PNB,card_declined,16,1,0,1
txn_03055,1352.66,Netbanking,ICICI,session_timeout,3,0,0,1
txn_03056,89.1,Wallet,ICICI,insufficient_funds,9,1,0,1
txn_03057,716.79,UPI,Yes Bank,insufficient_funds,16,1,2,0
txn_03058,917.13,UPI,HDFC,insufficient_funds,21,1,0,0
txn_03059,318.02,UPI,SBI,otp_timeout,20,1,0,1
txn_03060,655.61,Netbanking,HDFC,bank_server_down,0,1,1,0
txn_03061,242.23,UPI,PNB,insufficient_funds,9,0,0,0
txn_03062,311.78,Netbanking,PNB,bank_server_down,16,0,1,0
txn_03063,877.44,Card,SBI,insufficient_funds,14,1,1,0
txn_03064,7100.74,Netbanking,Axis,session_timeout,4,1,1,0
txn_03065,550.6,UPI,HDFC,insufficient_funds,17,1,2,0
txn_03066,1597.52,Netbanking,Kotak,bank_server_down,6,1,1,0
txn_03067,1180.96,Card,ICICI,bank_server_down,14,1,0,1
txn_03068,326.76,UPI,Axis,insufficient_funds,8,0,1,0
txn_03069,245.6,UPI,PNB,insufficient_funds,16,1,2,0
txn_03070,352.53,UPI,Yes Bank,bank_server_down,23,0,2,0
txn_03071,6980.33,UPI,ICICI,network_error,11,1,2,0
txn_03072,1023.73,Card,Yes Bank,bank_server_down,23,1,1,0
txn_03073,2180.61,Netbanking,Yes Bank,bank_server_down,5,1,3,0
txn_03074,2590.93,Card,HDFC,card_declined,22,1,2,0
txn_03075,636.06,Card,HDFC,card_declined,14,0,0,0
txn_03076,842.07,UPI,SBI,insufficient_funds,4,0,2,0
txn_03077,2103.83,UPI,ICICI,bank_server_down,9,1,0,1
txn_03078,205.3,Card,HDFC,bank_server_down,23,1,1,0
txn_03079,1057.62,UPI,Kotak,otp_timeout,5,0,0,1
txn_03080,6698.8,Card,SBI,insufficient_funds,15,0,1,0
txn_03081,424.52,UPI,ICICI,insufficient_funds,0,1,0,1
txn_03082,988.98,UPI,HDFC,bank_server_down,16,1,1,0
txn_03083,461.3,Card,Axis,card_declined,0,0,0,1
txn_03084,397.65,UPI,Yes Bank,bank_server_down,6,1,0,1
txn_03085,234.59,UPI,HDFC,bank_server_down,19,0,0,0
txn_03086,496.77,Wallet,Axis,network_error,12,0,0,1
txn_03087,1412.44,Card,Axis,card_declined,3,1,2,0
txn_03088,398.02,UPI,Kotak,insufficient_funds,13,0,0,1
txn_03089,2547.19,Netbanking,SBI,bank_server_down,8,0,1,0
txn_03090,337.98,Card,HDFC,otp_timeout,21,1,1,1
txn_03091,1380.27,Card,HDFC,otp_timeout,15,1,0,1
txn_03092,1956.38,UPI,HDFC,bank_server_down,5,1,0,1
txn_03093,76.76,Card,PNB,bank_server_down,16,0,1,1
txn_03094,1027.59,UPI,ICICI,insufficient_funds,9,1,0,0
txn_03095,584.58,UPI,ICICI,bank_server_down,0,1,0,0
txn_03096,428.44,UPI,Yes Bank,otp_timeout,20,0,0,0
txn_03097,3981.6,Netbanking,HDFC,session_timeout,22,1,0,1
txn_03098,706.88,Card,Axis,card_declined,22,1,0,0
txn_03099,1600.05,UPI,SBI,bank_server_down,0,1,0,0
txn_03100,166.0,Card,Yes Bank,bank_server_down,4,1,0,1
txn_03101,1330.88,UPI,PNB,otp_timeout,1,1,0,0
txn_03102,2526.71,UPI,Axis,network_error,4,1,1,1
txn_03103,132.23,Card,Axis,bank_server_down,3,0,1,1
txn_03104,137.97,Card,Kotak,otp_timeout,22,1,1,1
txn_03105,560.69,UPI,SBI,bank_server_down,1,0,1,0
txn_03106,2416.31,UPI,ICICI,network_error,15,1,2,0
txn_03107,742.85,UPI,Kotak,otp_timeout,12,0,0,0
txn_03108,1326.06,UPI,Kotak,network_error,7,1,2,0
txn_03109,450.17,Card,ICICI,insufficient_funds,12,0,0,0
txn_03110,525.7,Netbanking,PNB,session_timeout,4,0,0,0
txn_03111,1256.48,Card,Kotak,bank_server_down,5,1,0,1
txn_03112,753.3,Card,HDFC,card_declined,16,1,1,1
txn_03113,652.61,Card,SBI,card_declined,7,0,3,0
txn_03114,677.26,UPI,Kotak,insufficient_funds,6,1,1,0
txn_03115,392.95,UPI,ICICI,network_error,22,0,2,0
txn_03116,1237.26,UPI,PNB,insufficient_funds,23,0,0,0
txn_03117,618.57,Card,Kotak,otp_timeout,4,0,0,1
txn_03118,2190.12,UPI,HDFC,network_error,6,1,0,1
txn_03119,787.86,Card,SBI,otp_timeout,9,0,0,0
txn_03120,1345.05,UPI,HDFC,insufficient_funds,14,1,0,0
txn_03121,526.11,UPI,Kotak,bank_server_down,4,0,2,0
txn_03122,5644.11,UPI,Kotak,network_error,8,0,0,1
txn_03123,1628.29,Card,Yes Bank,insufficient_funds,15,0,2,0
txn_03124,585.23,Card,HDFC,insufficient_funds,22,1,1,0
txn_03125,310.61,Netbanking,Yes Bank,bank_server_down,17,1,0,1
txn_03126,850.86,Wallet,ICICI,insufficient_funds,8,0,3,0
txn_03127,301.89,UPI,PNB,network_error,6,1,0,1
txn_03128,1346.07,Card,PNB,card_declined,2,1,0,1
txn_03129,121.41,UPI,SBI,network_error,21,0,1,0
txn_03130,1157.1,UPI,SBI,bank_server_down,20,1,1,1
txn_03131,1061.62,Card,PNB,bank_server_down,10,0,0,0
txn_03132,18355.55,Card,Kotak,insufficient_funds,23,1,0,0
txn_03133,197.76,Netbanking,PNB,insufficient_funds,13,0,1,0
txn_03134,2209.14,UPI,Axis,network_error,16,1,1,1
txn_03135,611.84,UPI,HDFC,otp_timeout,15,0,1,0
txn_03136,1309.87,Wallet,Kotak,insufficient_funds,11,0,2,0
txn_03137,1220.45,Netbanking,HDFC,insufficient_funds,6,1,0,0
txn_03138,226.85,Netbanking,HDFC,bank_server_down,16,0,0,0
txn_03139,6872.46,Netbanking,Kotak,insufficient_funds,6,1,2,0
txn_03140,455.33,UPI,Yes Bank,bank_server_down,2,0,2,0
txn_03141,1494.85,Wallet,PNB,network_error,18,1,0,1
txn_03142,653.23,Card,SBI,card_declined,20,1,3,0
txn_03143,1615.63,Netbanking,Yes Bank,insufficient_funds,3,1,1,0
txn_03144,983.66,Card,Axis,bank_server_down,22,0,2,1
txn_03145,345.64,Card,Kotak,card_declined,9,0,2,0
txn_03146,762.58,Netbanking,ICICI,insufficient_funds,5,1,1,0
txn_03147,630.2,UPI,PNB,otp_timeout,13,0,0,0
txn_03148,464.15,UPI,Kotak,insufficient_funds,17,0,0,0
txn_03149,273.65,Card,PNB,otp_timeout,7,0,0,0
txn_03150,1428.81,Wallet,PNB,insufficient_funds,13,0,1,0
txn_03151,137.71,Netbanking,HDFC,bank_server_down,19,1,0,1
txn_03152,288.57,Card,PNB,insufficient_funds,6,0,0,0
txn_03153,3250.84,UPI,SBI,otp_timeout,9,1,0,1
txn_03154,1233.51,UPI,Kotak,insufficient_funds,9,0,2,0
txn_03155,2258.25,Card,ICICI,otp_timeout,21,0,1,1
txn_03156,490.16,UPI,Kotak,bank_server_down,23,0,0,0
txn_03157,2679.62,Card,SBI,otp_timeout,15,1,0,0
txn_03158,3288.38,Card,Axis,card_declined,8,0,0,0
txn_03159,747.18,Card,Yes Bank,otp_timeout,4,0,1,1
txn_03160,1244.33,UPI,Axis,otp_timeout,4,0,1,1
txn_03161,264.32,Card,PNB,insufficient_funds,11,0,1,0
txn_03162,974.7,UPI,SBI,insufficient_funds,3,0,1,0
txn_03163,246.98,Card,ICICI,otp_timeout,17,1,1,0
txn_03164,873.92,UPI,Axis,network_error,16,1,0,1
txn_03165,847.64,Card,Kotak,card_declined,22,1,0,1
txn_03166,209.08,Card,PNB,bank_server_down,10,1,2,0
txn_03167,896.52,Card,HDFC,bank_server_down,23,0,2,1
txn_03168,347.44,Card,Axis,insufficient_funds,0,1,1,0
txn_03169,1864.66,Card,SBI,insufficient_funds,2,0,2,0
txn_03170,1154.45,Netbanking,Axis,session_timeout,19,0,0,1
txn_03171,973.38,Card,SBI,otp_timeout,11,1,1,1
txn_03172,217.58,Wallet,Yes Bank,insufficient_funds,11,0,0,1
txn_03173,154.78,UPI,HDFC,insufficient_funds,20,1,0,1
txn_03174,149.05,Card,SBI,otp_timeout,21,1,0,1
txn_03175,90.25,Wallet,Axis,insufficient_funds,0,0,0,0
txn_03176,1528.71,Card,SBI,otp_timeout,12,1,3,1
txn_03177,570.61,UPI,ICICI,network_error,7,0,0,1
txn_03178,119.32,Card,HDFC,otp_timeout,15,1,2,1
txn_03179,414.89,Netbanking,Kotak,bank_server_down,9,0,0,0
txn_03180,2703.25,Wallet,Yes Bank,network_error,16,1,1,1
txn_03181,1020.71,Card,PNB,card_declined,6,0,2,0
txn_03182,456.43,UPI,ICICI,insufficient_funds,3,0,2,0
txn_03183,249.42,UPI,PNB,otp_timeout,10,1,0,1
txn_03184,666.55,Card,PNB,card_declined,21,1,2,0
txn_03185,536.63,UPI,HDFC,bank_server_down,9,1,1,0
txn_03186,244.88,UPI,SBI,insufficient_funds,4,1,1,0
txn_03187,517.04,UPI,PNB,otp_timeout,20,1,2,1
txn_03188,394.92,UPI,PNB,otp_timeout,18,1,0,0
txn_03189,1479.44,Card,Kotak,insufficient_funds,8,1,2,1
txn_03190,227.27,Card,ICICI,insufficient_funds,11,0,2,0
txn_03191,164.01,Wallet,Axis,insufficient_funds,5,1,0,0
txn_03192,346.44,Card,Axis,otp_timeout,4,1,0,0
txn_03193,390.76,UPI,Axis,bank_server_down,21,1,1,0
txn_03194,801.62,UPI,PNB,insufficient_funds,16,1,2,0
txn_03195,224.43,Wallet,ICICI,insufficient_funds,20,1,0,0
txn_03196,882.95,Card,Axis,otp_timeout,16,1,0,1
txn_03197,1820.06,Netbanking,PNB,bank_server_down,4,1,0,1
txn_03198,2206.89,Card,SBI,card_declined,13,1,2,0
txn_03199,1112.89,UPI,Yes Bank,network_error,17,1,2,0
txn_03200,910.0,Card,SBI,bank_server_down,6,0,0,1
txn_03201,422.6,UPI,SBI,otp_timeout,8,0,3,1
txn_03202,242.29,UPI,ICICI,bank_server_down,23,0,0,1
txn_03203,368.02,UPI,Axis,insufficient_funds,6,1,0,0
txn_03204,822.9,UPI,SBI,otp_timeout,19,0,1,1
txn_03205,376.29,Netbanking,Yes Bank,insufficient_funds,17,1,1,0
txn_03206,527.32,Card,Kotak,insufficient_funds,8,0,2,0
txn_03207,151.06,UPI,Axis,insufficient_funds,11,0,0,0
txn_03208,1195.66,Card,Yes Bank,card_declined,1,1,1,0
txn_03209,1409.64,UPI,Yes Bank,network_error,13,0,0,0
txn_03210,588.36,Netbanking,Yes Bank,session_timeout,7,1,1,0
txn_03211,293.38,UPI,Axis,otp_timeout,2,0,1,1
txn_03212,524.16,UPI,SBI,network_error,20,1,0,1
txn_03213,777.68,Card,SBI,insufficient_funds,19,1,0,1
txn_03214,374.68,UPI,PNB,insufficient_funds,9,0,3,0
txn_03215,671.35,UPI,ICICI,otp_timeout,0,0,1,0
txn_03216,677.29,Wallet,HDFC,insufficient_funds,18,1,1,0
txn_03217,155.96,UPI,HDFC,bank_server_down,14,0,1,0
txn_03218,477.63,UPI,Kotak,otp_timeout,2,1,0,1
txn_03219,537.95,UPI,SBI,bank_server_down,2,1,0,1
txn_03220,220.13,UPI,ICICI,bank_server_down,4,0,1,0
txn_03221,1855.68,Wallet,PNB,insufficient_funds,9,1,2,1
txn_03222,450.35,Netbanking,Yes Bank,insufficient_funds,9,1,3,0
txn_03223,241.12,Card,ICICI,card_declined,3,1,1,0
txn_03224,649.93,Netbanking,Kotak,insufficient_funds,20,1,0,0
txn_03225,3735.89,UPI,SBI,otp_timeout,15,1,0,0
txn_03226,599.45,UPI,HDFC,insufficient_funds,10,1,1,0
txn_03227,1664.88,Wallet,SBI,insufficient_funds,9,1,1,1
txn_03228,289.35,UPI,SBI,insufficient_funds,0,1,1,1
txn_03229,436.35,Card,SBI,bank_server_down,17,0,0,0
txn_03230,294.12,UPI,PNB,insufficient_funds,21,1,0,1
txn_03231,284.54,Wallet,Axis,insufficient_funds,22,1,2,0
txn_03232,601.26,UPI,Kotak,insufficient_funds,22,1,1,0
txn_03233,216.62,Card,ICICI,card_declined,7,0,0,1
txn_03234,1961.73,Card,HDFC,insufficient_funds,22,0,0,0
txn_03235,3259.88,UPI,Yes Bank,otp_timeout,2,1,0,0
txn_03236,381.06,UPI,PNB,insufficient_funds,14,0,1,0
txn_03237,5609.28,Netbanking,ICICI,bank_server_down,23,1,1,1
txn_03238,997.58,UPI,PNB,bank_server_down,23,1,2,0
txn_03239,742.33,Netbanking,Yes Bank,bank_server_down,14,1,2,0
txn_03240,56.92,UPI,ICICI,bank_server_down,5,1,1,0
txn_03241,317.4,UPI,Kotak,otp_timeout,18,0,1,0
txn_03242,1961.15,UPI,PNB,network_error,10,1,0,0
txn_03243,3054.54,Card,PNB,card_declined,16,1,0,1
txn_03244,56.61,Card,Kotak,bank_server_down,4,1,1,0
txn_03245,99.1,UPI,ICICI,network_error,9,1,1,0
txn_03246,1896.38,UPI,HDFC,otp_timeout,21,1,0,1
txn_03247,958.3,UPI,Kotak,bank_server_down,21,1,0,0
txn_03248,641.82,UPI,SBI,otp_timeout,16,1,2,0
txn_03249,155.21,UPI,Yes Bank,network_error,9,1,1,0
txn_03250,2271.8,UPI,ICICI,network_error,20,1,1,1
txn_03251,351.77,UPI,ICICI,bank_server_down,20,0,0,0
txn_03252,2283.7,UPI,PNB,insufficient_funds,20,1,1,0
txn_03253,884.75,Card,ICICI,card_declined,9,0,1,1
txn_03254,777.89,Wallet,HDFC,network_error,18,1,2,0
txn_03255,4793.36,UPI,Kotak,bank_server_down,1,1,1,0
txn_03256,303.9,Card,PNB,card_declined,18,0,0,1
txn_03257,1458.63,UPI,PNB,bank_server_down,0,0,0,1
txn_03258,3841.1,Card,Axis,bank_server_down,20,1,0,1
txn_03259,509.46,UPI,Kotak,bank_server_down,5,0,0,0
txn_03260,1449.5,UPI,ICICI,network_error,9,0,0,1
txn_03261,150.61,UPI,Kotak,otp_timeout,9,1,0,0
txn_03262,497.19,Netbanking,ICICI,insufficient_funds,19,0,3,0
txn_03263,834.88,Netbanking,HDFC,session_timeout,8,0,2,0
txn_03264,518.04,UPI,ICICI,otp_timeout,18,0,0,1
txn_03265,991.35,UPI,ICICI,otp_timeout,14,0,0,0
txn_03266,384.73,Wallet,Kotak,insufficient_funds,20,1,2,0
txn_03267,1261.93,Card,Yes Bank,card_declined,3,1,0,0
txn_03268,346.7,Card,Axis,insufficient_funds,10,1,0,0
txn_03269,1450.81,Netbanking,SBI,bank_server_down,15,0,0,0
txn_03270,297.69,Netbanking,Kotak,session_timeout,18,1,0,1
txn_03271,1477.12,Wallet,Yes Bank,network_error,12,1,0,0
txn_03272,1073.63,UPI,HDFC,bank_server_down,0,0,0,1
txn_03273,114.71,UPI,SBI,insufficient_funds,5,1,0,0
txn_03274,1457.93,UPI,ICICI,bank_server_down,7,1,1,0
txn_03275,1750.08,Card,Kotak,otp_timeout,2,1,0,0
txn_03276,1506.41,Card,Kotak,otp_timeout,22,0,2,0
txn_03277,1084.9,Netbanking,ICICI,bank_server_down,21,1,0,0
txn_03278,1388.34,Card,PNB,otp_timeout,11,0,0,1
txn_03279,514.46,UPI,ICICI,otp_timeout,12,0,0,1
txn_03280,487.83,UPI,SBI,insufficient_funds,5,0,1,0
txn_03281,1507.37,Card,Kotak,insufficient_funds,23,1,0,0
txn_03282,507.53,UPI,Axis,otp_timeout,8,0,1,0
txn_03283,401.88,UPI,ICICI,otp_timeout,15,0,1,1
txn_03284,561.83,UPI,SBI,otp_timeout,1,0,2,1
txn_03285,17452.19,UPI,SBI,network_error,14,1,0,1
txn_03286,349.94,UPI,HDFC,network_error,22,1,1,1
txn_03287,625.91,Card,Axis,card_declined,1,1,1,0
txn_03288,506.74,UPI,HDFC,bank_server_down,22,0,0,0
txn_03289,357.07,Card,Kotak,card_declined,11,1,1,0
txn_03290,505.16,Netbanking,Axis,bank_server_down,9,0,0,0
txn_03291,1052.52,Card,Kotak,card_declined,16,1,3,0
txn_03292,55.36,Card,Kotak,insufficient_funds,9,1,1,0
txn_03293,2038.68,UPI,HDFC,bank_server_down,5,0,1,0
txn_03294,1503.95,Netbanking,Yes Bank,insufficient_funds,13,1,0,0
txn_03295,856.56,UPI,Kotak,otp_timeout,4,1,1,0
txn_03296,91.18,UPI,ICICI,network_error,10,1,3,0
txn_03297,417.24,Netbanking,HDFC,insufficient_funds,2,0,0,0
txn_03298,792.84,UPI,ICICI,otp_timeout,9,1,0,1
txn_03299,139.35,UPI,SBI,insufficient_funds,21,1,1,0
txn_03300,281.88,Netbanking,Kotak,session_timeout,10,0,1,0
txn_03301,1026.24,UPI,PNB,bank_server_down,23,1,0,1
txn_03302,580.51,UPI,Axis,bank_server_down,20,1,0,1
txn_03303,545.92,UPI,HDFC,network_error,0,1,0,1
txn_03304,423.07,UPI,PNB,network_error,2,1,0,1
txn_03305,95.0,Netbanking,HDFC,bank_server_down,19,1,0,0
txn_03306,1073.4,Wallet,PNB,insufficient_funds,22,0,2,0
txn_03307,179.36,UPI,Kotak,insufficient_funds,19,0,0,0
txn_03308,468.57,UPI,SBI,insufficient_funds,21,0,1,0
txn_03309,1287.26,UPI,ICICI,network_error,15,0,1,0
txn_03310,913.41,Wallet,PNB,insufficient_funds,0,0,0,1
txn_03311,239.92,UPI,SBI,insufficient_funds,11,1,1,0
txn_03312,821.49,Card,ICICI,otp_timeout,4,1,2,1
txn_03313,501.45,Card,Yes Bank,insufficient_funds,15,0,0,0
txn_03314,533.31,UPI,SBI,insufficient_funds,17,1,0,0
txn_03315,2757.37,Card,HDFC,otp_timeout,3,1,0,1
txn_03316,321.29,UPI,Yes Bank,insufficient_funds,7,0,1,0
txn_03317,732.32,UPI,SBI,network_error,20,0,1,1
txn_03318,3313.27,Netbanking,Axis,bank_server_down,16,0,2,0
txn_03319,277.18,UPI,ICICI,otp_timeout,21,0,1,0
txn_03320,1278.03,Card,Axis,bank_server_down,0,0,0,0
txn_03321,2219.13,Card,Yes Bank,insufficient_funds,1,0,0,0
txn_03322,429.73,UPI,Kotak,network_error,11,1,0,1
txn_03323,461.31,Wallet,Axis,insufficient_funds,22,0,0,0
txn_03324,61.67,UPI,Yes Bank,bank_server_down,8,1,3,0
txn_03325,475.27,UPI,PNB,network_error,23,1,2,1
txn_03326,1211.82,Netbanking,ICICI,bank_server_down,7,1,0,1
txn_03327,596.89,Card,Axis,card_declined,10,1,0,0
txn_03328,2496.74,UPI,Yes Bank,otp_timeout,13,0,1,0
txn_03329,758.33,Netbanking,Kotak,insufficient_funds,17,0,0,1
txn_03330,1456.93,Netbanking,ICICI,insufficient_funds,12,1,3,0
txn_03331,1041.25,Card,Axis,otp_timeout,21,1,2,1
txn_03332,579.81,UPI,SBI,bank_server_down,7,1,3,0
txn_03333,555.52,UPI,SBI,network_error,12,1,0,0
txn_03334,393.06,UPI,Axis,bank_server_down,2,1,1,0
txn_03335,2595.05,UPI,Kotak,bank_server_down,8,1,0,1
txn_03336,1657.86,Card,ICICI,otp_timeout,7,1,0,1
txn_03337,1174.21,Netbanking,HDFC,insufficient_funds,15,0,1,0
txn_03338,585.37,UPI,PNB,network_error,13,1,0,0
txn_03339,1956.69,Wallet,Kotak,network_error,0,1,1,1
txn_03340,552.43,Card,Yes Bank,otp_timeout,2,1,0,1
txn_03341,965.49,Card,Kotak,bank_server_down,16,1,3,0
txn_03342,602.78,Card,HDFC,otp_timeout,14,1,1,0
txn_03343,2547.86,UPI,Yes Bank,bank_server_down,15,1,1,0
txn_03344,480.68,UPI,ICICI,otp_timeout,7,0,1,0
txn_03345,1360.33,UPI,ICICI,insufficient_funds,16,0,1,0
txn_03346,5316.01,UPI,PNB,otp_timeout,15,1,0,1
txn_03347,1102.39,UPI,PNB,network_error,8,1,0,1
txn_03348,2764.11,Card,Axis,otp_timeout,17,1,1,1
txn_03349,816.38,Wallet,SBI,insufficient_funds,4,1,1,0
txn_03350,1054.96,UPI,Yes Bank,insufficient_funds,11,0,0,0
txn_03351,733.48,UPI,HDFC,bank_server_down,22,0,0,0
txn_03352,907.49,Netbanking,SBI,insufficient_funds,20,0,1,0
txn_03353,2631.19,UPI,SBI,otp_timeout,11,1,2,1
txn_03354,878.71,UPI,Yes Bank,otp_timeout,21,1,2,0
txn_03355,6070.78,UPI,ICICI,otp_timeout,13,1,2,0
txn_03356,236.0,UPI,Kotak,network_error,21,0,2,0
txn_03357,2388.32,UPI,Yes Bank,bank_server_down,8,0,2,1
txn_03358,73.73,UPI,HDFC,network_error,4,1,1,1
txn_03359,263.76,UPI,SBI,insufficient_funds,18,0,0,0
txn_03360,966.21,UPI,SBI,otp_timeout,6,1,1,1
txn_03361,514.34,UPI,SBI,otp_timeout,2,1,3,0
txn_03362,583.46,Card,Kotak,card_declined,10,1,0,0
txn_03363,204.41,Netbanking,Kotak,insufficient_funds,8,0,0,0
txn_03364,925.7,UPI,PNB,network_error,18,1,0,0
txn_03365,273.48,UPI,SBI,network_error,2,1,2,0
txn_03366,58.84,UPI,HDFC,otp_timeout,14,1,3,1
txn_03367,1333.43,Netbanking,PNB,bank_server_down,15,1,0,1
txn_03368,293.75,UPI,ICICI,otp_timeout,19,1,0,1
txn_03369,1428.08,Netbanking,PNB,session_timeout,19,1,2,0
txn_03370,697.98,Card,SBI,card_declined,12,0,1,0
txn_03371,4015.33,UPI,Kotak,otp_timeout,17,0,3,0
txn_03372,210.14,UPI,HDFC,bank_server_down,17,1,3,0
txn_03373,606.61,Wallet,PNB,insufficient_funds,22,1,1,1
txn_03374,322.25,Card,Axis,insufficient_funds,4,1,0,0
txn_03375,241.13,UPI,Kotak,otp_timeout,19,0,0,1
txn_03376,838.26,Netbanking,SBI,insufficient_funds,13,1,1,0
txn_03377,1901.54,Wallet,Kotak,insufficient_funds,3,1,1,0
txn_03378,429.13,UPI,SBI,insufficient_funds,11,1,2,0
txn_03379,2056.47,Netbanking,SBI,insufficient_funds,6,0,0,0
txn_03380,116.96,UPI,Yes Bank,network_error,15,0,0,0
txn_03381,39.89,UPI,Yes Bank,bank_server_down,22,1,0,0
txn_03382,748.42,UPI,SBI,insufficient_funds,5,0,1,0
txn_03383,505.92,UPI,SBI,insufficient_funds,15,1,0,1
txn_03384,2473.39,Netbanking,Kotak,bank_server_down,12,1,0,0
txn_03385,1650.04,UPI,HDFC,network_error,17,1,3,1
txn_03386,579.59,Card,PNB,otp_timeout,3,0,1,1
txn_03387,304.05,UPI,SBI,bank_server_down,14,1,1,1
txn_03388,1612.66,UPI,Axis,otp_timeout,22,0,1,0
txn_03389,1467.6,UPI,Kotak,insufficient_funds,7,0,1,0
txn_03390,441.57,UPI,SBI,network_error,14,1,0,1
txn_03391,292.75,UPI,Axis,bank_server_down,22,0,1,1
txn_03392,397.79,UPI,SBI,bank_server_down,18,1,0,1
txn_03393,1717.98,Card,ICICI,insufficient_funds,14,1,3,0
txn_03394,1564.46,Netbanking,Kotak,insufficient_funds,10,1,1,0
txn_03395,2524.38,Card,HDFC,bank_server_down,14,0,0,1
txn_03396,1105.74,Card,PNB,bank_server_down,22,1,1,0
txn_03397,3507.67,Card,PNB,bank_server_down,2,1,0,1
txn_03398,125.87,UPI,Axis,network_error,9,1,2,0
txn_03399,2547.32,Wallet,HDFC,insufficient_funds,16,1,1,0
txn_03400,561.5,Wallet,PNB,insufficient_funds,14,1,0,1
txn_03401,448.95,UPI,Yes Bank,otp_timeout,14,1,0,1
txn_03402,5716.8,UPI,HDFC,bank_server_down,0,1,1,0
txn_03403,4049.23,UPI,PNB,insufficient_funds,17,1,1,0
txn_03404,1840.34,Card,Kotak,otp_timeout,21,0,0,1
txn_03405,471.93,UPI,Yes Bank,otp_timeout,21,0,0,1
txn_03406,912.42,Card,Kotak,otp_timeout,22,1,2,0
txn_03407,3179.8,Card,SBI,bank_server_down,17,0,0,0
txn_03408,1232.82,Card,Kotak,insufficient_funds,8,0,0,0
txn_03409,2154.55,Netbanking,HDFC,bank_server_down,20,1,1,0
txn_03410,1734.25,Netbanking,ICICI,session_timeout,14,1,0,1
txn_03411,184.46,UPI,ICICI,network_error,20,0,0,0
txn_03412,178.74,Card,Yes Bank,card_declined,0,1,2,0
txn_03413,299.23,UPI,PNB,network_error,21,1,0,0
txn_03414,1264.55,UPI,HDFC,bank_server_down,1,1,0,1
txn_03415,186.5,Card,ICICI,otp_timeout,6,1,0,1
txn_03416,1766.77,UPI,SBI,network_error,3,0,1,1
txn_03417,821.11,UPI,Yes Bank,otp_timeout,7,1,1,1
txn_03418,538.16,UPI,HDFC,network_error,8,0,0,1
txn_03419,502.53,Card,ICICI,insufficient_funds,7,1,0,0
txn_03420,99.88,UPI,HDFC,bank_server_down,21,1,0,0
txn_03421,252.88,Card,SBI,insufficient_funds,3,1,0,0
txn_03422,707.73,UPI,Kotak,insufficient_funds,0,0,0,1
txn_03423,1271.87,UPI,Yes Bank,insufficient_funds,20,1,0,0
txn_03424,668.16,UPI,SBI,network_error,9,1,0,0
txn_03425,1335.94,Card,SBI,otp_timeout,9,0,0,0
txn_03426,868.11,UPI,Kotak,otp_timeout,7,0,1,1
txn_03427,627.47,Card,SBI,insufficient_funds,15,0,0,1
txn_03428,576.62,Card,HDFC,card_declined,6,1,1,0
txn_03429,861.79,Card,SBI,card_declined,5,1,0,1
txn_03430,490.8,UPI,Yes Bank,insufficient_funds,19,0,0,0
txn_03431,1232.47,Netbanking,Kotak,insufficient_funds,13,1,0,0
txn_03432,486.59,Card,Kotak,otp_timeout,12,1,0,0
txn_03433,563.13,UPI,Yes Bank,insufficient_funds,14,1,0,0
txn_03434,1158.98,Card,PNB,insufficient_funds,5,1,2,0
txn_03435,2503.16,UPI,Kotak,otp_timeout,18,0,0,1
txn_03436,2827.49,UPI,Yes Bank,otp_timeout,16,0,0,0
txn_03437,1111.84,UPI,PNB,otp_timeout,4,0,2,1
txn_03438,1088.25,UPI,SBI,otp_timeout,17,1,0,1
txn_03439,7379.98,UPI,PNB,bank_server_down,6,1,0,1
txn_03440,733.95,UPI,HDFC,network_error,3,1,2,0
txn_03441,530.6,UPI,PNB,bank_server_down,22,0,0,1
txn_03442,767.88,Card,SBI,bank_server_down,10,1,1,0
txn_03443,573.62,Card,Axis,insufficient_funds,2,1,1,0
txn_03444,311.67,Card,ICICI,card_declined,6,1,1,0
txn_03445,506.17,Netbanking,Yes Bank,bank_server_down,15,1,0,1
txn_03446,2271.32,UPI,SBI,bank_server_down,21,0,1,0
txn_03447,2050.69,UPI,Axis,network_error,15,0,3,1
txn_03448,351.49,UPI,Axis,insufficient_funds,13,1,0,0
txn_03449,5351.79,UPI,Axis,network_error,17,0,0,0
txn_03450,142.37,UPI,Axis,bank_server_down,15,1,1,0
txn_03451,352.41,Wallet,HDFC,network_error,10,0,0,0
txn_03452,686.37,Netbanking,Kotak,session_timeout,6,1,2,0
txn_03453,784.54,UPI,HDFC,bank_server_down,4,1,1,0
txn_03454,358.48,UPI,SBI,insufficient_funds,7,0,0,0
txn_03455,549.93,UPI,HDFC,otp_timeout,12,0,0,0
txn_03456,95.59,UPI,Axis,bank_server_down,15,1,0,1
txn_03457,703.22,UPI,Kotak,insufficient_funds,22,1,0,0
txn_03458,135.19,Wallet,ICICI,insufficient_funds,5,1,1,0
txn_03459,1200.71,UPI,ICICI,network_error,19,0,2,1
txn_03460,3430.97,Wallet,Yes Bank,insufficient_funds,8,0,0,1
txn_03461,826.76,Netbanking,ICICI,session_timeout,15,0,0,0
txn_03462,229.08,Card,Kotak,insufficient_funds,16,1,0,0
txn_03463,1724.53,Card,Kotak,otp_timeout,5,1,0,1
txn_03464,1269.08,Netbanking,Kotak,insufficient_funds,15,1,1,0
txn_03465,1449.76,UPI,SBI,otp_timeout,18,0,0,1
txn_03466,519.88,Netbanking,ICICI,session_timeout,6,1,2,0
txn_03467,2719.06,Card,SBI,insufficient_funds,12,0,0,0
txn_03468,1087.86,UPI,Yes Bank,otp_timeout,8,1,1,1
txn_03469,109.92,UPI,Axis,insufficient_funds,17,0,2,0
txn_03470,1237.45,UPI,HDFC,insufficient_funds,17,0,0,0
txn_03471,2244.11,Card,ICICI,otp_timeout,5,0,0,1
txn_03472,237.64,UPI,Yes Bank,insufficient_funds,8,1,3,0
txn_03473,104.08,UPI,HDFC,otp_timeout,13,1,1,1
txn_03474,11380.12,Card,SBI,insufficient_funds,18,0,0,0
txn_03475,949.59,Wallet,ICICI,network_error,22,0,0,1
txn_03476,308.67,UPI,HDFC,network_error,16,0,1,1
txn_03477,588.21,UPI,SBI,insufficient_funds,20,0,0,0
txn_03478,511.12,UPI,Axis,otp_timeout,20,0,1,1
txn_03479,492.85,UPI,SBI,bank_server_down,17,0,0,0
txn_03480,174.82,Card,HDFC,bank_server_down,15,1,0,1
txn_03481,3381.17,Card,ICICI,insufficient_funds,9,0,1,0
txn_03482,242.65,UPI,PNB,otp_timeout,3,1,0,0
txn_03483,2864.73,UPI,Yes Bank,bank_server_down,12,1,1,0
txn_03484,312.83,Netbanking,SBI,insufficient_funds,5,0,2,0
txn_03485,176.83,UPI,Axis,bank_server_down,22,0,0,0
txn_03486,391.63,UPI,Yes Bank,otp_timeout,11,1,0,1
txn_03487,2027.49,Card,SBI,bank_server_down,7,1,1,0
txn_03488,177.6,Netbanking,Axis,insufficient_funds,23,1,3,0
txn_03489,1876.33,UPI,PNB,insufficient_funds,19,1,0,0
txn_03490,323.08,Wallet,Kotak,insufficient_funds,23,1,0,0
txn_03491,1758.81,Netbanking,Yes Bank,session_timeout,13,1,0,0
txn_03492,602.36,Card,HDFC,otp_timeout,15,1,0,1
txn_03493,189.85,UPI,ICICI,bank_server_down,4,1,3,0
txn_03494,1034.23,Card,SBI,bank_server_down,23,1,0,0
txn_03495,375.71,UPI,PNB,bank_server_down,19,1,0,1
txn_03496,1634.08,Netbanking,Kotak,insufficient_funds,15,0,0,0
txn_03497,542.67,UPI,ICICI,bank_server_down,22,0,2,0
txn_03498,573.3,UPI,ICICI,insufficient_funds,8,0,1,0
txn_03499,361.92,UPI,Axis,bank_server_down,21,1,2,1
txn_03500,1052.72,UPI,PNB,network_error,19,1,0,1
txn_03501,1165.83,Card,Kotak,card_declined,7,1,2,0
txn_03502,1265.21,UPI,ICICI,bank_server_down,3,0,1,0
txn_03503,684.01,Card,SBI,insufficient_funds,12,0,0,0
txn_03504,571.15,UPI,HDFC,otp_timeout,18,1,1,0
txn_03505,1454.59,Wallet,SBI,insufficient_funds,12,1,0,0
txn_03506,576.64,UPI,PNB,otp_timeout,15,0,2,0
txn_03507,173.41,Card,Yes Bank,insufficient_funds,12,1,2,0
txn_03508,438.4,Wallet,ICICI,insufficient_funds,13,1,0,1
txn_03509,441.1,UPI,PNB,bank_server_down,21,1,1,1
txn_03510,1086.42,UPI,Yes Bank,otp_timeout,11,1,0,0
txn_03511,289.5,UPI,PNB,otp_timeout,20,1,0,1
txn_03512,1400.0,UPI,Yes Bank,otp_timeout,17,0,0,0
txn_03513,1565.56,UPI,HDFC,insufficient_funds,6,1,1,0
txn_03514,772.82,Card,HDFC,card_declined,11,1,0,1
txn_03515,1300.78,Card,Kotak,insufficient_funds,9,1,0,1
txn_03516,1679.95,Netbanking,HDFC,insufficient_funds,2,1,1,0
txn_03517,1724.43,UPI,HDFC,otp_timeout,15,0,0,1
txn_03518,654.3,Netbanking,PNB,bank_server_down,20,1,0,1
txn_03519,509.22,UPI,ICICI,bank_server_down,3,0,0,1
txn_03520,3731.83,UPI,Axis,bank_server_down,17,0,1,0
txn_03521,701.85,Wallet,Axis,network_error,16,0,0,0
txn_03522,318.31,UPI,ICICI,bank_server_down,4,1,3,0
txn_03523,68.2,UPI,SBI,network_error,1,1,0,1
txn_03524,573.96,UPI,HDFC,insufficient_funds,15,0,0,0
txn_03525,835.12,Netbanking,Axis,bank_server_down,22,0,3,0
txn_03526,1935.49,UPI,SBI,otp_timeout,23,1,0,0
txn_03527,1655.4,Card,PNB,insufficient_funds,0,0,0,0
txn_03528,231.57,UPI,HDFC,insufficient_funds,15,0,2,0
txn_03529,439.41,UPI,Kotak,otp_timeout,18,0,0,1
txn_03530,1644.28,Netbanking,ICICI,insufficient_funds,14,1,1,0
txn_03531,1591.4,UPI,HDFC,otp_timeout,8,1,0,1
txn_03532,156.9,Card,SBI,bank_server_down,18,0,0,0
txn_03533,1010.93,UPI,HDFC,insufficient_funds,16,0,1,0
txn_03534,241.32,UPI,Kotak,otp_timeout,2,1,2,0
txn_03535,2560.28,Card,ICICI,bank_server_down,7,0,0,0
txn_03536,818.33,UPI,HDFC,insufficient_funds,0,0,0,1
txn_03537,33.85,UPI,Axis,network_error,15,1,0,0
txn_03538,863.34,Card,Yes Bank,insufficient_funds,18,1,0,0
txn_03539,359.28,Card,SBI,insufficient_funds,22,1,0,0
txn_03540,1702.02,UPI,Kotak,insufficient_funds,19,0,0,0
txn_03541,1255.28,UPI,Yes Bank,otp_timeout,14,1,0,1
txn_03542,2121.68,UPI,PNB,bank_server_down,6,0,0,1
txn_03543,331.13,Card,SBI,insufficient_funds,11,0,2,0
txn_03544,2616.62,UPI,Yes Bank,bank_server_down,7,1,1,0
txn_03545,250.35,UPI,ICICI,otp_timeout,15,1,1,1
txn_03546,1194.43,Netbanking,ICICI,insufficient_funds,20,1,0,1
txn_03547,742.5,UPI,Yes Bank,network_error,21,1,3,0
txn_03548,693.85,UPI,ICICI,insufficient_funds,12,0,1,0
txn_03549,444.01,Card,PNB,card_declined,21,1,2,1
txn_03550,1302.55,Card,Yes Bank,insufficient_funds,3,0,1,1
txn_03551,434.93,UPI,PNB,bank_server_down,18,1,0,0
txn_03552,287.78,UPI,PNB,otp_timeout,20,1,0,0
txn_03553,3671.73,Netbanking,PNB,insufficient_funds,4,1,0,0
txn_03554,801.58,UPI,Axis,bank_server_down,22,1,0,0
txn_03555,2023.77,UPI,Axis,network_error,20,1,0,1
txn_03556,293.86,UPI,HDFC,bank_server_down,8,1,2,0
txn_03557,1119.98,UPI,Yes Bank,network_error,13,0,0,0
txn_03558,396.41,Netbanking,SBI,session_timeout,16,1,3,0
txn_03559,406.59,UPI,Kotak,network_error,15,1,0,1
txn_03560,1168.23,UPI,ICICI,otp_timeout,18,1,1,1
txn_03561,4559.44,Netbanking,ICICI,session_timeout,12,1,0,0
txn_03562,899.42,UPI,Kotak,network_error,2,1,2,1
txn_03563,113.37,Card,ICICI,card_declined,13,1,2,1
txn_03564,124.32,Card,Axis,card_declined,19,1,1,0
txn_03565,240.02,UPI,Kotak,otp_timeout,14,0,1,1
txn_03566,3263.26,UPI,Kotak,otp_timeout,20,0,0,0
txn_03567,418.37,Netbanking,ICICI,session_timeout,7,0,2,1
txn_03568,329.12,UPI,SBI,network_error,22,0,1,0
txn_03569,225.61,Wallet,PNB,network_error,4,1,0,1
txn_03570,372.83,Netbanking,SBI,insufficient_funds,17,1,0,0
txn_03571,746.91,UPI,SBI,otp_timeout,19,1,0,1
txn_03572,2043.57,UPI,PNB,network_error,14,1,0,1
txn_03573,1639.26,UPI,Kotak,bank_server_down,1,0,1,0
txn_03574,692.28,Card,HDFC,bank_server_down,6,1,0,1
txn_03575,94.6,UPI,PNB,otp_timeout,2,1,2,1
txn_03576,1300.06,UPI,Axis,network_error,13,1,0,1
txn_03577,644.58,UPI,ICICI,network_error,4,1,0,0
txn_03578,919.68,Card,Yes Bank,insufficient_funds,12,0,2,0
txn_03579,92.16,UPI,ICICI,otp_timeout,23,1,2,0
txn_03580,865.4,Netbanking,Axis,insufficient_funds,7,1,0,0
txn_03581,575.57,Wallet,HDFC,network_error,4,1,1,1
txn_03582,200.09,Wallet,Kotak,insufficient_funds,12,1,1,0
txn_03583,287.8,Wallet,PNB,insufficient_funds,3,1,2,0
txn_03584,1142.33,Card,Axis,otp_timeout,21,0,0,1
txn_03585,63.26,UPI,PNB,otp_timeout,22,0,1,1
txn_03586,1155.18,UPI,Axis,otp_timeout,8,1,1,1
txn_03587,1175.33,UPI,HDFC,insufficient_funds,8,1,0,0
txn_03588,353.14,Card,Axis,insufficient_funds,13,0,2,0
txn_03589,810.32,UPI,ICICI,otp_timeout,5,1,0,0
txn_03590,1194.93,Card,PNB,card_declined,8,1,1,0
txn_03591,255.97,UPI,Kotak,insufficient_funds,0,1,1,0
txn_03592,483.6,Card,Kotak,insufficient_funds,21,1,1,0
txn_03593,204.07,UPI,Kotak,network_error,5,1,3,0
txn_03594,822.13,Card,PNB,card_declined,13,0,1,0
txn_03595,1123.81,UPI,HDFC,insufficient_funds,13,0,1,0
txn_03596,422.54,UPI,PNB,otp_timeout,16,1,0,0
txn_03597,1128.22,UPI,Axis,bank_server_down,18,1,0,1
txn_03598,277.31,Wallet,Kotak,insufficient_funds,8,1,1,0
txn_03599,250.95,UPI,ICICI,network_error,11,1,1,1
txn_03600,355.27,UPI,Kotak,network_error,9,0,1,0
txn_03601,221.39,UPI,Kotak,network_error,2,0,1,0
txn_03602,880.45,UPI,Axis,otp_timeout,2,1,1,1
txn_03603,1192.16,UPI,HDFC,otp_timeout,21,1,0,1
txn_03604,3817.07,UPI,Axis,insufficient_funds,0,1,0,0
txn_03605,1159.49,Netbanking,SBI,bank_server_down,3,1,0,1
txn_03606,587.89,Card,Kotak,bank_server_down,10,1,1,0
txn_03607,1327.56,UPI,SBI,bank_server_down,23,0,0,0
txn_03608,1741.66,Card,Yes Bank,bank_server_down,22,0,0,1
txn_03609,1110.54,Card,Axis,insufficient_funds,22,1,1,0
txn_03610,1724.32,Netbanking,SBI,insufficient_funds,2,1,0,1
txn_03611,980.27,Netbanking,HDFC,session_timeout,3,1,1,1
txn_03612,1677.6,Card,Yes Bank,card_declined,12,1,0,1
txn_03613,509.95,UPI,SBI,network_error,1,0,1,0
txn_03614,3095.7,Card,Kotak,card_declined,21,1,3,0
txn_03615,202.08,Card,Yes Bank,card_declined,5,1,1,0
txn_03616,4331.1,UPI,Yes Bank,network_error,17,0,0,0
txn_03617,272.21,UPI,Kotak,network_error,0,1,2,1
txn_03618,196.1,Netbanking,SBI,insufficient_funds,21,1,0,0
txn_03619,1747.52,UPI,SBI,insufficient_funds,9,1,1,0
txn_03620,557.82,Card,Kotak,card_declined,3,1,0,1
txn_03621,1449.29,UPI,Yes Bank,insufficient_funds,13,0,0,1
txn_03622,4602.95,Card,SBI,bank_server_down,9,1,1,0
txn_03623,668.0,UPI,PNB,bank_server_down,23,1,1,1
txn_03624,2979.51,Netbanking,Yes Bank,session_timeout,19,1,0,1
txn_03625,426.01,Card,HDFC,otp_timeout,1,0,0,1
txn_03626,1019.21,UPI,Axis,otp_timeout,3,0,0,1
txn_03627,184.68,UPI,Axis,network_error,17,1,0,1
txn_03628,113.03,Netbanking,PNB,bank_server_down,20,1,0,0
txn_03629,89.32,UPI,HDFC,otp_timeout,11,0,0,1
txn_03630,299.53,UPI,Kotak,network_error,4,0,1,1
txn_03631,397.92,UPI,PNB,bank_server_down,13,0,1,0
txn_03632,311.52,UPI,HDFC,otp_timeout,17,1,1,1
txn_03633,38.1,UPI,ICICI,insufficient_funds,7,1,1,0
txn_03634,2986.22,Netbanking,SBI,insufficient_funds,5,0,0,0
txn_03635,338.18,Card,SBI,card_declined,16,0,1,0
txn_03636,113.09,UPI,SBI,bank_server_down,12,1,1,0
txn_03637,542.64,UPI,PNB,bank_server_down,23,0,1,0
txn_03638,1794.67,Card,SBI,otp_timeout,8,1,0,1
txn_03639,3399.82,UPI,Yes Bank,insufficient_funds,6,1,1,0
txn_03640,172.52,Wallet,ICICI,insufficient_funds,1,0,0,0
txn_03641,2595.65,UPI,PNB,otp_timeout,16,1,0,0
txn_03642,148.44,UPI,Axis,bank_server_down,0,0,0,0
txn_03643,917.41,UPI,Yes Bank,otp_timeout,18,0,1,1
txn_03644,425.37,UPI,Yes Bank,otp_timeout,11,1,1,1
txn_03645,775.57,Card,SBI,otp_timeout,17,1,1,0
txn_03646,450.98,UPI,SBI,otp_timeout,22,1,0,1
txn_03647,653.68,UPI,Yes Bank,bank_server_down,14,0,0,0
txn_03648,4429.68,Netbanking,Kotak,insufficient_funds,13,1,0,0
txn_03649,1164.55,UPI,Axis,bank_server_down,7,1,0,0
txn_03650,1282.23,UPI,SBI,network_error,20,0,0,0
txn_03651,481.32,UPI,Kotak,insufficient_funds,19,1,0,0
txn_03652,937.4,Card,SBI,bank_server_down,9,1,1,0
txn_03653,1433.82,UPI,Yes Bank,bank_server_down,18,1,0,1
txn_03654,51.2,Card,Kotak,bank_server_down,19,1,2,0
txn_03655,104.06,Netbanking,Yes Bank,insufficient_funds,7,0,0,1
txn_03656,586.93,UPI,HDFC,insufficient_funds,17,0,0,0
txn_03657,202.76,Card,Kotak,otp_timeout,17,0,2,0
txn_03658,285.26,Wallet,Kotak,insufficient_funds,18,1,1,1
txn_03659,358.3,UPI,Yes Bank,network_error,20,1,1,1
txn_03660,511.43,UPI,SBI,network_error,20,1,0,0
txn_03661,218.04,Card,Kotak,bank_server_down,17,1,1,1
txn_03662,722.19,Card,Axis,card_declined,12,0,0,1
txn_03663,247.24,UPI,SBI,otp_timeout,22,1,0,1
txn_03664,1873.5,Card,ICICI,otp_timeout,20,1,0,1
txn_03665,938.83,Card,Axis,card_declined,20,1,0,0
txn_03666,303.38,UPI,ICICI,bank_server_down,13,1,0,1
txn_03667,201.66,Card,PNB,insufficient_funds,18,0,0,0
txn_03668,1938.26,Netbanking,Yes Bank,bank_server_down,2,1,0,0
txn_03669,479.71,UPI,Kotak,network_error,1,1,2,1
txn_03670,10545.96,UPI,Yes Bank,bank_server_down,0,0,2,0
txn_03671,601.58,Netbanking,Yes Bank,insufficient_funds,9,1,0,0
txn_03672,442.47,Netbanking,SBI,insufficient_funds,6,0,1,0
txn_03673,1446.68,UPI,Axis,bank_server_down,19,0,1,0
txn_03674,1693.83,UPI,HDFC,network_error,22,1,1,1
txn_03675,832.67,UPI,ICICI,otp_timeout,2,0,1,0
txn_03676,563.93,Netbanking,Axis,session_timeout,22,1,1,0
txn_03677,671.72,Card,Axis,card_declined,16,0,0,1
txn_03678,1483.67,UPI,Yes Bank,otp_timeout,16,1,1,1
txn_03679,537.22,Netbanking,Kotak,bank_server_down,3,1,1,1
txn_03680,605.0,Card,Kotak,card_declined,0,1,2,1
txn_03681,126.85,UPI,Axis,network_error,11,1,2,0
txn_03682,469.57,UPI,Kotak,bank_server_down,6,1,0,1
txn_03683,398.64,Netbanking,Axis,session_timeout,19,1,3,0
txn_03684,336.29,Card,ICICI,insufficient_funds,1,1,3,0
txn_03685,2220.24,Card,Axis,bank_server_down,3,1,0,1
txn_03686,1810.98,UPI,ICICI,insufficient_funds,19,1,1,0
txn_03687,379.64,Netbanking,PNB,session_timeout,0,0,0,0
txn_03688,799.9,UPI,Kotak,insufficient_funds,14,1,0,0
txn_03689,538.91,UPI,Yes Bank,bank_server_down,4,1,3,0
txn_03690,531.62,UPI,HDFC,insufficient_funds,2,1,0,0
txn_03691,120.34,Card,ICICI,card_declined,2,1,0,1
txn_03692,381.17,UPI,Axis,network_error,8,1,0,1
txn_03693,591.35,Card,SBI,otp_timeout,5,1,3,1
txn_03694,495.49,UPI,HDFC,bank_server_down,18,1,0,0
txn_03695,766.75,Card,Kotak,otp_timeout,9,0,0,1
txn_03696,1031.91,UPI,HDFC,insufficient_funds,19,1,0,0
txn_03697,1266.37,Card,Axis,insufficient_funds,9,0,1,0
txn_03698,109.1,Netbanking,ICICI,session_timeout,16,1,3,0
txn_03699,2412.67,Netbanking,Axis,session_timeout,22,0,0,1
txn_03700,1296.03,UPI,HDFC,insufficient_funds,4,1,1,0
txn_03701,1029.48,UPI,SBI,insufficient_funds,3,1,0,0
txn_03702,637.48,UPI,PNB,bank_server_down,19,1,0,1
txn_03703,157.09,Card,SBI,bank_server_down,15,0,0,1
txn_03704,221.57,UPI,Axis,insufficient_funds,15,1,2,0
txn_03705,1374.01,Netbanking,ICICI,insufficient_funds,22,0,0,0
txn_03706,77.7,UPI,ICICI,insufficient_funds,9,1,0,0
txn_03707,308.53,Card,SBI,card_declined,9,1,1,0
txn_03708,1000.74,UPI,Yes Bank,network_error,0,1,0,1
txn_03709,670.7,UPI,Axis,bank_server_down,7,1,0,0
txn_03710,291.88,Card,HDFC,insufficient_funds,7,1,0,1
txn_03711,325.41,UPI,PNB,otp_timeout,23,1,0,1
txn_03712,1253.86,UPI,PNB,bank_server_down,8,0,0,1
txn_03713,104.45,UPI,Kotak,otp_timeout,18,1,1,1
txn_03714,112.22,Netbanking,Yes Bank,session_timeout,7,1,1,0
txn_03715,263.37,UPI,Axis,bank_server_down,3,1,1,0
txn_03716,3488.65,UPI,SBI,otp_timeout,2,0,2,0
txn_03717,119.75,UPI,PNB,network_error,9,1,1,0
txn_03718,823.67,UPI,PNB,bank_server_down,4,1,0,0
txn_03719,2162.03,UPI,Axis,bank_server_down,2,1,2,1
txn_03720,1065.29,UPI,Yes Bank,otp_timeout,11,0,0,1
txn_03721,144.31,Card,SBI,card_declined,3,0,0,0
txn_03722,1022.26,UPI,SBI,bank_server_down,13,1,0,1
txn_03723,50.46,Netbanking,ICICI,session_timeout,14,0,0,0
txn_03724,171.37,UPI,HDFC,bank_server_down,22,1,0,0
txn_03725,408.52,Netbanking,PNB,bank_server_down,6,1,1,0
txn_03726,202.02,Card,Kotak,otp_timeout,4,1,1,0
txn_03727,279.41,UPI,Axis,bank_server_down,23,1,2,1
txn_03728,420.68,Card,ICICI,otp_timeout,6,1,1,0
txn_03729,542.11,UPI,PNB,insufficient_funds,16,1,1,1
txn_03730,807.98,Card,PNB,otp_timeout,3,0,2,1
txn_03731,768.71,Card,Axis,insufficient_funds,5,0,1,0
txn_03732,5965.87,UPI,Axis,network_error,17,0,0,0
txn_03733,258.91,Card,SBI,card_declined,6,0,0,1
txn_03734,995.38,UPI,ICICI,insufficient_funds,9,0,1,0
txn_03735,1821.11,UPI,Yes Bank,insufficient_funds,7,0,0,0
txn_03736,1414.41,Card,HDFC,otp_timeout,7,1,0,1
txn_03737,147.41,Netbanking,HDFC,insufficient_funds,18,0,0,0
txn_03738,6371.46,UPI,Yes Bank,bank_server_down,7,1,0,1
txn_03739,427.77,Netbanking,SBI,insufficient_funds,9,1,1,1
txn_03740,421.8,Card,Kotak,insufficient_funds,22,1,1,0
txn_03741,966.97,UPI,SBI,otp_timeout,11,1,0,0
txn_03742,128.31,UPI,HDFC,bank_server_down,1,0,1,0
txn_03743,369.43,Card,Kotak,card_declined,8,0,0,0
txn_03744,2005.79,UPI,HDFC,otp_timeout,23,1,2,1
txn_03745,259.25,UPI,Yes Bank,insufficient_funds,3,1,0,0
txn_03746,696.59,Card,Yes Bank,insufficient_funds,4,1,3,0
txn_03747,128.29,UPI,PNB,bank_server_down,6,0,1,0
txn_03748,361.89,Card,SBI,card_declined,22,0,0,1
txn_03749,1257.51,UPI,Kotak,bank_server_down,11,1,2,0
txn_03750,568.28,UPI,Axis,otp_timeout,7,1,0,1
txn_03751,2812.27,UPI,Kotak,bank_server_down,10,1,2,0
txn_03752,324.43,UPI,Yes Bank,insufficient_funds,0,0,0,0
txn_03753,955.94,UPI,ICICI,network_error,3,1,1,1
txn_03754,1683.98,UPI,Yes Bank,insufficient_funds,15,1,0,0
txn_03755,518.29,UPI,Yes Bank,insufficient_funds,11,1,1,0
txn_03756,1333.71,Wallet,Kotak,network_error,15,0,0,1
txn_03757,308.56,UPI,ICICI,insufficient_funds,8,0,3,0
txn_03758,223.68,UPI,HDFC,insufficient_funds,7,1,1,0
txn_03759,1276.57,Netbanking,SBI,insufficient_funds,22,1,0,0
txn_03760,1037.76,Netbanking,Kotak,insufficient_funds,11,0,0,0
txn_03761,602.79,UPI,HDFC,insufficient_funds,19,1,0,0
txn_03762,569.23,UPI,Yes Bank,network_error,21,0,3,0
txn_03763,281.32,UPI,HDFC,insufficient_funds,23,1,0,1
txn_03764,7831.04,UPI,HDFC,insufficient_funds,7,1,1,1
txn_03765,1134.69,Card,Kotak,otp_timeout,20,1,1,1
txn_03766,173.95,UPI,Kotak,otp_timeout,5,1,0,1
txn_03767,497.52,Wallet,PNB,insufficient_funds,4,0,1,0
txn_03768,186.01,UPI,PNB,bank_server_down,21,0,1,0
txn_03769,301.08,UPI,ICICI,bank_server_down,22,1,0,1
txn_03770,1260.07,Card,HDFC,otp_timeout,2,0,2,0
txn_03771,826.68,UPI,Kotak,network_error,17,1,0,1
txn_03772,289.68,UPI,Yes Bank,otp_timeout,21,1,2,0
txn_03773,42.02,UPI,Yes Bank,bank_server_down,6,0,1,0
txn_03774,707.41,UPI,HDFC,otp_timeout,8,1,3,1
txn_03775,285.42,Card,SBI,card_declined,3,1,0,0
txn_03776,517.09,Card,ICICI,insufficient_funds,16,0,0,0
txn_03777,1072.57,UPI,HDFC,bank_server_down,16,1,2,0
txn_03778,32951.72,UPI,PNB,bank_server_down,0,0,2,0
txn_03779,6683.17,UPI,PNB,bank_server_down,17,1,1,1
txn_03780,3996.77,Card,Kotak,card_declined,23,0,1,0
txn_03781,944.99,UPI,HDFC,otp_timeout,21,1,1,0
txn_03782,1822.04,Card,Kotak,card_declined,4,1,2,0
txn_03783,887.08,Netbanking,Kotak,bank_server_down,17,0,1,0
txn_03784,3991.86,UPI,SBI,bank_server_down,7,1,0,1
txn_03785,6274.82,UPI,Axis,insufficient_funds,12,0,1,0
txn_03786,189.9,Card,Axis,bank_server_down,22,0,1,1
txn_03787,1971.32,UPI,PNB,network_error,15,0,0,1
txn_03788,1746.52,UPI,Axis,network_error,14,1,0,1
txn_03789,321.54,UPI,Axis,network_error,3,0,0,1
txn_03790,241.13,UPI,Yes Bank,insufficient_funds,5,0,1,0
txn_03791,3208.67,Netbanking,Yes Bank,insufficient_funds,20,1,0,1
txn_03792,953.26,Card,PNB,bank_server_down,0,0,0,1
txn_03793,248.34,Card,PNB,card_declined,13,1,0,0
txn_03794,486.6,Wallet,ICICI,network_error,11,0,0,0
txn_03795,394.51,Card,Kotak,bank_server_down,14,0,2,0
txn_03796,1362.1,UPI,Axis,bank_server_down,4,1,0,1
txn_03797,458.38,Card,Kotak,bank_server_down,10,1,0,0
txn_03798,769.66,UPI,HDFC,bank_server_down,20,0,1,0
txn_03799,591.75,UPI,ICICI,bank_server_down,19,0,2,0
txn_03800,106.07,UPI,HDFC,otp_timeout,16,1,0,1
txn_03801,107.63,UPI,ICICI,insufficient_funds,21,1,1,0
txn_03802,1313.86,UPI,Yes Bank,network_error,17,1,0,1
txn_03803,534.83,UPI,SBI,insufficient_funds,14,1,2,0
txn_03804,1862.84,Card,Kotak,otp_timeout,10,1,1,0
txn_03805,439.61,Netbanking,Kotak,session_timeout,21,0,1,0
txn_03806,716.41,UPI,Axis,otp_timeout,22,1,2,0
txn_03807,1008.52,Card,Kotak,card_declined,19,1,0,1
txn_03808,3990.61,Wallet,SBI,insufficient_funds,4,1,3,0
txn_03809,399.06,UPI,PNB,network_error,6,1,1,0
txn_03810,1350.78,Card,SBI,otp_timeout,18,0,0,1
txn_03811,1418.68,Card,PNB,otp_timeout,20,0,0,1
txn_03812,1069.55,Card,HDFC,otp_timeout,0,1,2,1
txn_03813,797.72,UPI,SBI,otp_timeout,16,1,0,0
txn_03814,505.59,UPI,Axis,network_error,19,0,1,1
txn_03815,848.76,UPI,Axis,network_error,21,0,0,1
txn_03816,1200.36,UPI,ICICI,network_error,21,1,0,0
txn_03817,1046.29,Wallet,Yes Bank,insufficient_funds,21,1,1,0
txn_03818,105.38,UPI,PNB,bank_server_down,19,1,2,0
txn_03819,480.16,UPI,ICICI,otp_timeout,6,1,2,1
txn_03820,3079.53,Netbanking,Axis,session_timeout,0,1,1,0
txn_03821,170.88,Wallet,Yes Bank,insufficient_funds,21,1,1,1
txn_03822,430.35,Netbanking,SBI,bank_server_down,8,1,0,1
txn_03823,540.76,Netbanking,ICICI,insufficient_funds,16,1,0,0
txn_03824,1107.28,Card,PNB,insufficient_funds,8,0,1,0
txn_03825,1073.21,UPI,PNB,network_error,12,1,2,0
txn_03826,3506.94,Card,Yes Bank,insufficient_funds,4,0,0,0
txn_03827,2067.95,UPI,ICICI,bank_server_down,22,1,2,0
txn_03828,597.44,UPI,PNB,otp_timeout,0,1,2,1
txn_03829,1175.21,Card,Axis,card_declined,16,0,0,0
txn_03830,227.87,UPI,Yes Bank,network_error,18,1,2,1
txn_03831,131.27,Card,Kotak,otp_timeout,20,1,1,1
txn_03832,414.71,Netbanking,Yes Bank,session_timeout,0,1,2,0
txn_03833,1084.4,UPI,SBI,otp_timeout,6,0,1,0
txn_03834,1871.88,UPI,SBI,network_error,7,1,0,0
txn_03835,1637.05,UPI,ICICI,network_error,19,1,0,1
txn_03836,161.97,Card,Yes Bank,bank_server_down,3,1,1,1
txn_03837,900.56,UPI,SBI,otp_timeout,16,1,1,1
txn_03838,537.32,UPI,Yes Bank,insufficient_funds,20,1,2,0
txn_03839,871.48,Netbanking,Yes Bank,insufficient_funds,17,1,0,0
txn_03840,1206.23,Card,Yes Bank,otp_timeout,20,1,0,0
txn_03841,569.43,Card,Kotak,bank_server_down,5,0,0,0
txn_03842,313.06,Netbanking,Kotak,session_timeout,18,1,3,0
txn_03843,219.94,UPI,Kotak,insufficient_funds,5,0,0,1
txn_03844,803.94,UPI,Yes Bank,bank_server_down,15,1,0,1
txn_03845,492.3,Wallet,Yes Bank,network_error,2,1,2,1
txn_03846,1913.77,Netbanking,Axis,insufficient_funds,8,0,1,0
txn_03847,910.31,UPI,ICICI,bank_server_down,16,0,3,0
txn_03848,2214.7,UPI,Kotak,bank_server_down,22,1,0,0
txn_03849,1658.35,UPI,HDFC,bank_server_down,23,0,0,0
txn_03850,475.67,Card,Kotak,bank_server_down,0,0,0,0
txn_03851,187.0,UPI,Yes Bank,insufficient_funds,4,1,0,1
txn_03852,419.62,Card,ICICI,insufficient_funds,16,0,0,0
txn_03853,36.33,UPI,Axis,network_error,12,1,2,0
txn_03854,1436.7,UPI,Yes Bank,insufficient_funds,4,1,1,0
txn_03855,321.7,Card,Axis,otp_timeout,6,1,0,1
txn_03856,581.37,UPI,Yes Bank,network_error,1,0,0,0
txn_03857,2330.72,Card,ICICI,bank_server_down,20,0,0,1
txn_03858,572.51,Card,PNB,bank_server_down,15,1,1,1
txn_03859,1311.85,UPI,Yes Bank,insufficient_funds,0,0,1,0
txn_03860,1267.94,UPI,SBI,insufficient_funds,15,0,1,0
txn_03861,775.71,UPI,Kotak,otp_timeout,8,1,1,0
txn_03862,240.05,UPI,Yes Bank,network_error,16,1,1,0
txn_03863,772.47,UPI,SBI,otp_timeout,6,1,1,1
txn_03864,105.84,UPI,HDFC,network_error,13,1,3,0
txn_03865,2708.68,UPI,Axis,insufficient_funds,18,1,1,0
txn_03866,86.7,UPI,ICICI,network_error,11,1,0,1
txn_03867,5848.33,Card,HDFC,card_declined,16,0,0,1
txn_03868,715.97,Wallet,Kotak,insufficient_funds,11,1,0,0
txn_03869,303.55,Card,SBI,bank_server_down,2,1,0,1
txn_03870,308.52,UPI,Yes Bank,insufficient_funds,9,0,1,0
txn_03871,3441.07,UPI,Axis,otp_timeout,8,0,1,0
txn_03872,2833.91,UPI,Kotak,otp_timeout,12,1,1,1
txn_03873,556.56,UPI,Axis,network_error,11,1,0,1
txn_03874,441.41,UPI,SBI,bank_server_down,1,1,0,1
txn_03875,627.56,Netbanking,Kotak,insufficient_funds,15,0,0,1
txn_03876,881.08,UPI,PNB,bank_server_down,21,1,0,1
txn_03877,247.25,Card,ICICI,card_declined,3,1,0,0
txn_03878,253.76,UPI,Yes Bank,bank_server_down,5,1,0,1
txn_03879,48.05,Card,PNB,otp_timeout,9,0,0,0
txn_03880,1806.55,Card,ICICI,insufficient_funds,1,0,0,0
txn_03881,1010.66,UPI,PNB,otp_timeout,15,1,0,0
txn_03882,1745.29,UPI,Axis,otp_timeout,8,0,0,1
txn_03883,853.64,UPI,Yes Bank,insufficient_funds,11,1,1,0
txn_03884,1023.73,UPI,Kotak,insufficient_funds,21,1,0,0
txn_03885,760.21,Card,PNB,card_declined,1,1,1,0
txn_03886,840.98,UPI,SBI,otp_timeout,13,1,0,0
txn_03887,1213.28,Wallet,Yes Bank,insufficient_funds,21,1,0,0
txn_03888,1551.46,Netbanking,HDFC,insufficient_funds,3,1,0,1
txn_03889,712.83,Wallet,Kotak,network_error,13,1,0,1
txn_03890,569.68,Netbanking,Axis,bank_server_down,2,0,1,0
txn_03891,491.99,Card,Yes Bank,bank_server_down,23,1,1,1
txn_03892,1673.61,Card,SBI,card_declined,1,0,3,0
txn_03893,903.04,UPI,SBI,bank_server_down,8,0,1,1
txn_03894,958.16,Netbanking,Yes Bank,session_timeout,14,0,0,1
txn_03895,846.54,UPI,Yes Bank,otp_timeout,21,1,1,0
txn_03896,790.81,Card,Kotak,bank_server_down,3,1,2,1
txn_03897,338.98,UPI,Yes Bank,bank_server_down,9,1,2,0
txn_03898,956.35,Netbanking,Kotak,bank_server_down,5,1,2,0
txn_03899,1651.7,UPI,Axis,network_error,12,1,1,0
txn_03900,67.75,UPI,Axis,insufficient_funds,4,1,1,0
txn_03901,961.34,UPI,HDFC,insufficient_funds,15,0,2,0
txn_03902,2087.35,UPI,SBI,bank_server_down,5,0,0,1
txn_03903,1148.53,Card,ICICI,card_declined,15,1,1,1
txn_03904,1563.98,Wallet,ICICI,insufficient_funds,1,1,3,0
txn_03905,548.06,Netbanking,PNB,bank_server_down,4,0,1,0
txn_03906,2877.18,Netbanking,PNB,bank_server_down,9,1,2,0
txn_03907,613.43,Card,ICICI,otp_timeout,10,1,2,1
txn_03908,105.29,Card,ICICI,otp_timeout,7,0,0,1
txn_03909,845.92,Card,Yes Bank,bank_server_down,21,1,0,0
txn_03910,4833.09,UPI,Kotak,network_error,15,0,0,0
txn_03911,882.3,UPI,HDFC,insufficient_funds,17,1,3,0
txn_03912,780.41,Netbanking,PNB,bank_server_down,17,0,1,1
txn_03913,1165.58,UPI,SBI,network_error,22,1,0,1
txn_03914,551.91,Card,Yes Bank,insufficient_funds,22,1,0,0
txn_03915,283.94,UPI,Yes Bank,otp_timeout,17,1,0,1
txn_03916,775.35,UPI,HDFC,bank_server_down,18,0,1,0
txn_03917,471.45,Card,ICICI,card_declined,10,0,2,0
txn_03918,735.2,UPI,PNB,otp_timeout,5,0,3,0
txn_03919,1486.39,UPI,HDFC,bank_server_down,7,1,0,1
txn_03920,1158.23,UPI,ICICI,bank_server_down,14,0,0,1
txn_03921,178.18,Netbanking,HDFC,insufficient_funds,17,1,1,0
txn_03922,243.88,UPI,Kotak,network_error,15,1,1,1
txn_03923,1350.03,UPI,Yes Bank,bank_server_down,9,0,1,1
txn_03924,376.83,Card,ICICI,insufficient_funds,6,1,2,0
txn_03925,264.09,UPI,SBI,bank_server_down,11,1,0,0
txn_03926,4162.31,UPI,HDFC,bank_server_down,1,1,1,1
txn_03927,1096.09,UPI,Axis,otp_timeout,12,0,0,1
txn_03928,1660.61,UPI,PNB,insufficient_funds,15,0,0,0
txn_03929,180.49,UPI,SBI,network_error,23,0,1,1
txn_03930,352.05,UPI,Yes Bank,network_error,5,0,2,1
txn_03931,102.66,UPI,PNB,insufficient_funds,3,0,0,0
txn_03932,195.03,UPI,ICICI,insufficient_funds,3,1,0,0
txn_03933,696.21,Card,SBI,insufficient_funds,6,0,0,1
txn_03934,272.26,Card,HDFC,otp_timeout,18,1,2,1
txn_03935,2871.17,UPI,HDFC,otp_timeout,21,1,1,1
txn_03936,2651.65,Card,ICICI,insufficient_funds,1,1,0,0
txn_03937,2704.74,UPI,HDFC,insufficient_funds,17,0,1,1
txn_03938,898.81,UPI,ICICI,insufficient_funds,11,0,0,1
txn_03939,414.37,Card,ICICI,bank_server_down,8,1,1,0
txn_03940,1502.21,Card,ICICI,card_declined,14,1,0,0
txn_03941,388.44,Card,HDFC,insufficient_funds,7,0,1,0
txn_03942,6659.4,Netbanking,Axis,session_timeout,13,1,1,0
txn_03943,1140.35,Card,PNB,insufficient_funds,2,0,1,0
txn_03944,1154.02,UPI,Yes Bank,bank_server_down,8,1,0,1
txn_03945,432.73,UPI,Yes Bank,insufficient_funds,11,1,2,0
txn_03946,814.41,UPI,Kotak,insufficient_funds,22,1,0,0
txn_03947,800.13,UPI,HDFC,network_error,5,0,0,1
txn_03948,219.63,Netbanking,Yes Bank,bank_server_down,19,1,1,1
txn_03949,3927.85,UPI,Axis,bank_server_down,13,0,0,1
txn_03950,675.52,UPI,Yes Bank,otp_timeout,12,0,2,0
txn_03951,2442.41,UPI,Yes Bank,network_error,5,1,0,1
txn_03952,331.85,UPI,SBI,otp_timeout,1,0,1,0
txn_03953,631.93,Netbanking,SBI,session_timeout,9,1,0,1
txn_03954,1307.22,UPI,SBI,network_error,21,0,0,1
txn_03955,674.82,UPI,Kotak,network_error,20,1,0,0
txn_03956,430.04,Card,ICICI,card_declined,15,1,1,0
txn_03957,1639.63,Netbanking,PNB,insufficient_funds,7,1,2,0
txn_03958,7390.81,Netbanking,SBI,insufficient_funds,20,1,2,0
txn_03959,1308.2,UPI,Yes Bank,bank_server_down,5,1,0,0
txn_03960,1623.98,UPI,ICICI,network_error,22,1,0,1
txn_03961,221.09,Card,HDFC,card_declined,10,1,1,0
txn_03962,1082.28,UPI,ICICI,bank_server_down,15,1,0,0
txn_03963,1112.16,UPI,HDFC,otp_timeout,5,0,1,1
txn_03964,566.22,Card,PNB,otp_timeout,1,1,3,0
txn_03965,255.33,Netbanking,SBI,bank_server_down,6,1,0,0
txn_03966,2632.29,UPI,PNB,network_error,9,0,0,1
txn_03967,178.02,UPI,Yes Bank,bank_server_down,13,1,2,0
txn_03968,638.85,Card,ICICI,otp_timeout,19,0,0,0
txn_03969,644.48,UPI,Axis,bank_server_down,15,1,0,0
txn_03970,2580.51,Card,Kotak,insufficient_funds,17,1,3,0
txn_03971,969.44,UPI,Kotak,insufficient_funds,2,1,0,0
txn_03972,2406.23,Card,Axis,card_declined,11,1,0,1
txn_03973,1039.03,UPI,SBI,network_error,5,1,0,1
txn_03974,751.7,Wallet,Kotak,insufficient_funds,8,0,0,0
txn_03975,1454.84,UPI,PNB,network_error,23,1,2,1
txn_03976,1183.67,UPI,PNB,bank_server_down,22,0,0,0
txn_03977,920.24,Card,Yes Bank,bank_server_down,14,1,1,1
txn_03978,1168.68,Card,Yes Bank,bank_server_down,15,1,2,0
txn_03979,406.49,Card,Yes Bank,insufficient_funds,9,1,0,0
txn_03980,301.78,Card,HDFC,card_declined,19,0,1,0
txn_03981,1378.67,UPI,Axis,otp_timeout,1,1,2,1
txn_03982,549.34,Netbanking,PNB,session_timeout,17,1,0,1
txn_03983,1084.58,UPI,Kotak,network_error,18,0,0,0
txn_03984,3784.68,UPI,Yes Bank,otp_timeout,7,1,1,0
txn_03985,166.71,UPI,SBI,otp_timeout,2,1,0,0
txn_03986,569.79,UPI,Kotak,insufficient_funds,6,1,1,0
txn_03987,3554.85,UPI,SBI,otp_timeout,6,1,2,1
txn_03988,689.7,UPI,PNB,otp_timeout,8,0,0,1
txn_03989,1109.63,UPI,Kotak,network_error,2,1,0,0
txn_03990,343.39,UPI,HDFC,bank_server_down,15,0,1,0
txn_03991,368.37,UPI,Yes Bank,otp_timeout,17,1,1,1
txn_03992,1081.03,Card,HDFC,otp_timeout,18,1,3,0
txn_03993,404.67,Card,Axis,insufficient_funds,8,0,0,1
txn_03994,1676.22,UPI,Axis,otp_timeout,22,1,0,1
txn_03995,181.14,Netbanking,SBI,session_timeout,6,0,0,1
txn_03996,796.0,UPI,ICICI,network_error,2,1,0,0
txn_03997,1704.05,UPI,SBI,insufficient_funds,12,1,0,0
txn_03998,940.61,Netbanking,ICICI,bank_server_down,8,0,2,0
txn_03999,765.25,Card,HDFC,insufficient_funds,9,1,2,0
txn_04000,593.02,UPI,HDFC,network_error,15,0,0,1
txn_04001,654.43,Card,Kotak,bank_server_down,4,1,0,0
txn_04002,629.8,Card,Axis,bank_server_down,15,1,0,0
txn_04003,455.59,Wallet,SBI,network_error,7,0,3,0
txn_04004,2305.57,Card,HDFC,card_declined,22,0,1,0
txn_04005,1357.3,UPI,Yes Bank,insufficient_funds,6,0,1,0
txn_04006,244.44,UPI,Yes Bank,network_error,23,0,2,1
txn_04007,308.37,UPI,ICICI,otp_timeout,12,1,0,1
txn_04008,537.21,Wallet,SBI,network_error,19,1,2,1
txn_04009,1183.56,UPI,HDFC,otp_timeout,18,1,1,0
txn_04010,1111.12,UPI,HDFC,insufficient_funds,9,1,0,1
txn_04011,570.89,UPI,PNB,otp_timeout,9,0,0,0
txn_04012,820.58,Card,Axis,insufficient_funds,14,0,1,0
txn_04013,865.97,UPI,Yes Bank,insufficient_funds,3,1,0,1
txn_04014,503.94,UPI,PNB,otp_timeout,3,1,0,1
txn_04015,654.52,UPI,Axis,otp_timeout,15,0,0,0
txn_04016,466.81,UPI,ICICI,insufficient_funds,18,1,0,0
txn_04017,585.38,UPI,Yes Bank,network_error,12,1,0,0
txn_04018,648.63,Netbanking,HDFC,insufficient_funds,5,1,3,0
txn_04019,862.82,UPI,ICICI,insufficient_funds,2,0,0,0
txn_04020,321.26,Netbanking,ICICI,bank_server_down,20,0,3,0
txn_04021,2304.68,Card,PNB,bank_server_down,18,1,0,1
txn_04022,241.02,UPI,Yes Bank,otp_timeout,8,0,0,0
txn_04023,689.01,UPI,Axis,bank_server_down,16,1,1,0
txn_04024,140.0,Netbanking,SBI,bank_server_down,11,1,2,0
txn_04025,1308.82,Card,Kotak,otp_timeout,8,1,1,0
txn_04026,433.27,Netbanking,Yes Bank,session_timeout,22,1,0,0
txn_04027,865.73,Card,Kotak,bank_server_down,17,1,0,1
txn_04028,1219.65,UPI,PNB,otp_timeout,3,1,1,1
txn_04029,158.85,UPI,Yes Bank,insufficient_funds,20,1,0,0
txn_04030,667.55,UPI,HDFC,network_error,17,1,0,1
txn_04031,1893.14,Card,SBI,insufficient_funds,3,1,0,0
txn_04032,201.6,UPI,Axis,network_error,8,1,0,1
txn_04033,3535.88,Card,PNB,insufficient_funds,19,1,0,1
txn_04034,433.7,UPI,Axis,insufficient_funds,6,0,0,0
txn_04035,452.38,Card,Yes Bank,bank_server_down,3,1,1,0
txn_04036,242.94,UPI,Kotak,network_error,10,1,2,0
txn_04037,257.46,UPI,SBI,otp_timeout,10,1,3,1
txn_04038,743.29,UPI,Axis,insufficient_funds,12,1,0,0
txn_04039,1063.65,UPI,PNB,network_error,15,1,0,0
txn_04040,395.25,Wallet,SBI,network_error,23,0,0,1
txn_04041,2302.83,UPI,PNB,network_error,7,0,2,0
txn_04042,476.75,UPI,PNB,bank_server_down,9,1,1,0
txn_04043,118.8,Netbanking,PNB,bank_server_down,3,0,0,1
txn_04044,112.49,Card,HDFC,bank_server_down,6,0,1,0
txn_04045,2662.47,UPI,SBI,bank_server_down,10,1,0,0
txn_04046,1004.51,UPI,PNB,otp_timeout,9,1,0,0
txn_04047,969.38,UPI,Axis,network_error,8,1,1,1
txn_04048,548.08,UPI,Axis,bank_server_down,18,0,1,0
txn_04049,166.37,UPI,Yes Bank,bank_server_down,15,0,0,0
txn_04050,3866.26,UPI,Yes Bank,bank_server_down,16,1,1,0
txn_04051,709.93,Netbanking,Yes Bank,bank_server_down,12,1,0,0
txn_04052,1798.35,Wallet,Axis,network_error,19,0,0,0
txn_04053,309.87,UPI,Yes Bank,bank_server_down,3,1,0,0
txn_04054,217.23,Netbanking,Kotak,session_timeout,9,1,1,0
txn_04055,888.8,UPI,HDFC,insufficient_funds,20,0,0,0
txn_04056,57.54,UPI,Yes Bank,insufficient_funds,12,1,1,1
txn_04057,603.07,UPI,PNB,network_error,8,1,0,0
txn_04058,875.23,Wallet,HDFC,network_error,0,1,0,0
txn_04059,1205.01,UPI,Kotak,network_error,3,0,1,0
txn_04060,67.83,Card,Axis,bank_server_down,21,0,1,0
txn_04061,499.59,UPI,PNB,network_error,19,1,2,1
txn_04062,842.58,Card,Kotak,otp_timeout,1,1,0,1
txn_04063,216.09,UPI,Yes Bank,network_error,4,0,2,1
txn_04064,3952.79,Netbanking,Yes Bank,bank_server_down,23,0,1,0
txn_04065,175.94,UPI,Kotak,network_error,15,0,0,0
txn_04066,1316.55,UPI,Yes Bank,insufficient_funds,17,1,1,0
txn_04067,196.46,UPI,ICICI,network_error,21,1,1,1
txn_04068,1410.94,Netbanking,Kotak,insufficient_funds,3,1,0,0
txn_04069,1003.36,UPI,PNB,otp_timeout,8,0,1,1
txn_04070,1142.06,UPI,Axis,network_error,14,0,0,1
txn_04071,2257.15,Netbanking,Axis,insufficient_funds,6,1,0,1
txn_04072,3188.56,UPI,Axis,insufficient_funds,7,1,1,1
txn_04073,500.34,Netbanking,Kotak,insufficient_funds,20,1,0,1
txn_04074,2610.76,UPI,Kotak,otp_timeout,15,0,1,1
txn_04075,327.23,UPI,HDFC,insufficient_funds,11,1,1,0
txn_04076,1199.05,Netbanking,Yes Bank,session_timeout,1,1,2,0
txn_04077,400.64,Netbanking,HDFC,session_timeout,16,1,0,0
txn_04078,657.78,Card,Kotak,otp_timeout,10,1,1,1
txn_04079,641.58,UPI,Axis,bank_server_down,13,0,0,0
txn_04080,884.45,Card,Kotak,card_declined,9,1,0,1
txn_04081,79.65,UPI,Axis,network_error,14,0,1,1
txn_04082,1131.07,UPI,PNB,network_error,22,0,1,1
txn_04083,4254.49,Netbanking,PNB,session_timeout,10,1,0,1
txn_04084,180.16,Card,Axis,card_declined,8,1,0,1
txn_04085,844.94,UPI,Axis,otp_timeout,0,1,1,0
txn_04086,128.76,UPI,HDFC,otp_timeout,14,1,0,1
txn_04087,447.14,UPI,SBI,network_error,22,1,0,1
txn_04088,124.3,UPI,PNB,insufficient_funds,3,1,0,0
txn_04089,890.86,Card,SBI,card_declined,6,0,1,0
txn_04090,1158.84,Wallet,HDFC,insufficient_funds,21,0,0,1
txn_04091,192.54,Card,HDFC,insufficient_funds,20,1,1,0
txn_04092,1282.75,UPI,Yes Bank,network_error,16,0,3,0
txn_04093,96.48,UPI,Axis,otp_timeout,14,1,1,1
txn_04094,1243.69,Netbanking,Axis,session_timeout,20,1,0,1
txn_04095,1050.1,UPI,Yes Bank,network_error,19,1,0,0
txn_04096,1587.42,Card,ICICI,otp_timeout,13,1,0,1
txn_04097,465.03,UPI,Kotak,otp_timeout,5,0,0,1
txn_04098,999.84,UPI,HDFC,bank_server_down,20,1,0,1
txn_04099,708.05,Netbanking,PNB,bank_server_down,19,0,0,0
txn_04100,1178.77,Card,SBI,insufficient_funds,6,0,1,0
txn_04101,822.76,Netbanking,Kotak,bank_server_down,12,1,0,0
txn_04102,727.97,UPI,PNB,insufficient_funds,8,1,0,1
txn_04103,2642.45,UPI,HDFC,network_error,5,1,1,1
txn_04104,7425.84,UPI,Yes Bank,otp_timeout,0,0,0,0
txn_04105,1951.27,Card,ICICI,otp_timeout,9,1,3,0
txn_04106,1819.16,UPI,Axis,otp_timeout,5,0,1,1
txn_04107,1004.12,Card,Kotak,card_declined,23,1,1,0
txn_04108,58.16,Card,Axis,bank_server_down,11,1,2,0
txn_04109,1178.49,UPI,PNB,insufficient_funds,7,1,0,0
txn_04110,1112.32,Netbanking,SBI,insufficient_funds,17,0,1,0
txn_04111,96.8,Netbanking,Yes Bank,bank_server_down,1,1,0,0
txn_04112,558.03,UPI,HDFC,otp_timeout,11,1,0,1
txn_04113,4076.08,UPI,Axis,otp_timeout,22,1,0,1
txn_04114,442.38,UPI,Kotak,bank_server_down,8,1,0,0
txn_04115,1045.58,Wallet,PNB,insufficient_funds,1,0,0,0
txn_04116,319.86,UPI,Yes Bank,bank_server_down,23,1,0,1
txn_04117,11054.78,Card,Yes Bank,otp_timeout,0,0,1,1
txn_04118,213.11,Netbanking,PNB,insufficient_funds,3,1,0,1
txn_04119,1381.4,UPI,Kotak,network_error,0,0,0,0
txn_04120,1286.59,Card,Yes Bank,card_declined,5,1,0,0
txn_04121,792.19,UPI,Kotak,bank_server_down,15,1,0,0
txn_04122,112.2,UPI,ICICI,bank_server_down,12,0,0,1
txn_04123,1473.86,UPI,Axis,otp_timeout,22,0,0,1
txn_04124,961.64,Wallet,Kotak,network_error,20,0,2,0
txn_04125,333.14,Wallet,SBI,insufficient_funds,23,0,0,0
txn_04126,5577.2,UPI,Axis,otp_timeout,2,0,1,0
txn_04127,589.81,Netbanking,SBI,insufficient_funds,23,1,3,0
txn_04128,660.38,UPI,ICICI,otp_timeout,11,1,1,1
txn_04129,338.34,UPI,HDFC,otp_timeout,18,0,1,0
txn_04130,1502.7,UPI,Kotak,insufficient_funds,2,1,1,0
txn_04131,1010.2,UPI,PNB,bank_server_down,1,0,0,1
txn_04132,1848.91,UPI,ICICI,network_error,9,1,0,1
txn_04133,210.12,UPI,HDFC,insufficient_funds,7,1,0,0
txn_04134,2591.03,UPI,ICICI,network_error,12,1,2,1
txn_04135,200.91,Card,PNB,insufficient_funds,2,0,1,0
txn_04136,1552.56,UPI,PNB,network_error,5,0,0,1
txn_04137,2160.06,UPI,PNB,network_error,11,0,0,1
txn_04138,1360.32,Netbanking,Axis,insufficient_funds,16,1,0,0
txn_04139,588.23,UPI,SBI,insufficient_funds,23,1,2,0
txn_04140,7852.48,Card,HDFC,bank_server_down,13,0,0,0
txn_04141,838.22,Netbanking,SBI,bank_server_down,5,0,0,0
txn_04142,969.53,Card,ICICI,bank_server_down,14,1,0,0
txn_04143,326.67,UPI,Yes Bank,bank_server_down,13,0,0,0
txn_04144,1028.7,Netbanking,PNB,bank_server_down,5,0,1,1
txn_04145,1701.07,UPI,SBI,insufficient_funds,7,1,0,1
txn_04146,174.92,Wallet,HDFC,network_error,19,1,0,1
txn_04147,294.61,UPI,Axis,otp_timeout,7,0,0,1
txn_04148,606.37,Netbanking,Axis,insufficient_funds,15,0,0,0
txn_04149,207.56,Card,HDFC,otp_timeout,21,0,1,1
txn_04150,246.3,Netbanking,HDFC,session_timeout,4,1,0,1
txn_04151,506.8,Netbanking,SBI,insufficient_funds,19,0,0,0
txn_04152,739.51,UPI,Yes Bank,insufficient_funds,22,1,0,0
txn_04153,5104.72,UPI,Kotak,otp_timeout,15,0,1,0
txn_04154,279.29,Netbanking,HDFC,bank_server_down,10,0,1,0
txn_04155,472.18,UPI,HDFC,bank_server_down,3,1,3,0
txn_04156,290.83,UPI,Kotak,bank_server_down,5,0,3,0
txn_04157,990.84,Card,SBI,otp_timeout,18,0,1,0
txn_04158,631.67,UPI,Yes Bank,network_error,3,1,1,0
txn_04159,432.76,UPI,Axis,bank_server_down,19,1,0,0
txn_04160,314.97,UPI,Yes Bank,insufficient_funds,4,1,0,1
txn_04161,785.68,UPI,Axis,network_error,16,1,0,1
txn_04162,1363.12,Netbanking,SBI,insufficient_funds,6,0,0,1
txn_04163,246.59,Netbanking,Kotak,bank_server_down,22,1,1,1
txn_04164,687.06,UPI,SBI,network_error,13,1,1,0
txn_04165,527.01,UPI,ICICI,bank_server_down,8,0,0,1
txn_04166,2192.24,UPI,Yes Bank,insufficient_funds,14,0,0,1
txn_04167,1006.71,UPI,PNB,network_error,14,1,0,1
txn_04168,261.97,UPI,SBI,bank_server_down,9,1,0,0
txn_04169,882.02,UPI,SBI,network_error,16,0,1,0
txn_04170,1550.06,UPI,Yes Bank,insufficient_funds,11,1,0,0
txn_04171,4659.04,UPI,Kotak,insufficient_funds,6,1,0,0
txn_04172,2364.01,Card,HDFC,otp_timeout,17,0,0,0
txn_04173,2226.41,UPI,Axis,insufficient_funds,18,0,1,0
txn_04174,1038.17,UPI,Axis,insufficient_funds,11,1,3,0
txn_04175,1288.43,Netbanking,Axis,bank_server_down,13,1,0,0
txn_04176,5226.46,Netbanking,Axis,session_timeout,9,1,0,1
txn_04177,675.11,Card,PNB,otp_timeout,11,1,0,1
txn_04178,608.5,UPI,SBI,network_error,20,1,2,0
txn_04179,380.74,Card,SBI,card_declined,17,0,2,0
txn_04180,928.18,Wallet,HDFC,network_error,4,0,1,0
txn_04181,3453.43,Netbanking,HDFC,insufficient_funds,22,0,2,0
txn_04182,571.75,UPI,HDFC,network_error,21,1,2,0
txn_04183,322.46,UPI,Axis,bank_server_down,10,1,0,1
txn_04184,747.61,UPI,Yes Bank,bank_server_down,1,0,0,1
txn_04185,541.62,Card,Axis,otp_timeout,7,1,0,1
txn_04186,601.34,Card,PNB,bank_server_down,11,0,1,0
txn_04187,364.98,UPI,SBI,insufficient_funds,2,0,2,0
txn_04188,309.02,UPI,PNB,bank_server_down,14,1,1,1
txn_04189,613.44,UPI,Axis,bank_server_down,22,0,0,0
txn_04190,1560.37,Card,ICICI,card_declined,20,0,2,0
txn_04191,210.54,UPI,PNB,otp_timeout,8,0,0,1
txn_04192,725.47,UPI,ICICI,network_error,21,1,0,1
txn_04193,124.62,UPI,SBI,insufficient_funds,20,1,1,0
txn_04194,646.08,UPI,PNB,network_error,13,1,2,1
txn_04195,267.27,UPI,PNB,otp_timeout,4,1,0,1
txn_04196,817.12,UPI,SBI,bank_server_down,9,1,0,1
txn_04197,80.15,UPI,SBI,bank_server_down,16,0,0,0
txn_04198,949.0,UPI,Axis,insufficient_funds,3,1,1,0
txn_04199,4294.61,UPI,PNB,otp_timeout,0,1,0,1
txn_04200,1999.52,Netbanking,PNB,insufficient_funds,8,1,2,0
txn_04201,199.56,Card,PNB,bank_server_down,22,1,1,1
txn_04202,1343.29,UPI,HDFC,insufficient_funds,18,0,0,1
txn_04203,2130.71,UPI,HDFC,network_error,8,1,2,1
txn_04204,825.62,UPI,PNB,insufficient_funds,6,1,1,0
txn_04205,50.25,Netbanking,Kotak,insufficient_funds,13,1,0,1
txn_04206,1754.07,UPI,Yes Bank,otp_timeout,12,1,0,1
txn_04207,262.39,Wallet,Yes Bank,insufficient_funds,19,1,3,0
txn_04208,271.49,UPI,Kotak,otp_timeout,4,1,0,1
txn_04209,823.75,Netbanking,Yes Bank,bank_server_down,14,1,1,0
txn_04210,2067.16,UPI,HDFC,network_error,1,1,0,1
txn_04211,4446.75,UPI,SBI,bank_server_down,13,1,1,0
txn_04212,718.28,Netbanking,Yes Bank,session_timeout,21,1,0,1
txn_04213,1446.11,UPI,ICICI,insufficient_funds,8,0,1,0
txn_04214,4062.05,Netbanking,Kotak,bank_server_down,13,1,2,0
txn_04215,3743.5,Netbanking,ICICI,bank_server_down,15,1,0,1
txn_04216,1714.32,Netbanking,Kotak,insufficient_funds,7,1,0,1
txn_04217,259.74,UPI,Kotak,otp_timeout,16,1,0,1
txn_04218,550.58,UPI,Axis,bank_server_down,5,1,0,1
txn_04219,537.19,Netbanking,Yes Bank,bank_server_down,21,0,1,0
txn_04220,576.89,Netbanking,PNB,bank_server_down,4,0,0,0
txn_04221,348.36,UPI,HDFC,otp_timeout,23,0,0,1
txn_04222,749.95,Card,Yes Bank,insufficient_funds,14,1,1,1
txn_04223,544.53,Card,Yes Bank,bank_server_down,16,0,1,1
txn_04224,199.45,UPI,HDFC,network_error,4,0,1,1
txn_04225,4390.85,Wallet,SBI,network_error,18,1,3,0
txn_04226,919.6,Card,PNB,bank_server_down,8,1,0,0
txn_04227,2075.79,Card,PNB,card_declined,4,1,1,0
txn_04228,358.55,UPI,HDFC,bank_server_down,1,0,1,1
txn_04229,1377.88,UPI,SBI,otp_timeout,15,1,1,1
txn_04230,5170.26,UPI,SBI,network_error,7,1,1,0
txn_04231,616.31,Netbanking,Yes Bank,insufficient_funds,5,1,0,1
txn_04232,2721.91,UPI,SBI,network_error,11,1,1,0
txn_04233,1050.9,Netbanking,PNB,session_timeout,18,1,1,1
txn_04234,3795.84,Netbanking,PNB,session_timeout,3,1,1,1
txn_04235,1111.65,Card,ICICI,otp_timeout,1,1,3,0
txn_04236,1140.94,Card,Yes Bank,otp_timeout,14,0,0,1
txn_04237,179.48,UPI,HDFC,bank_server_down,2,1,1,0
txn_04238,1062.76,Netbanking,Kotak,insufficient_funds,7,1,3,0
txn_04239,112.78,Netbanking,SBI,session_timeout,19,1,2,1
txn_04240,438.91,Netbanking,PNB,bank_server_down,22,1,0,0
txn_04241,542.18,UPI,PNB,insufficient_funds,6,0,0,0
txn_04242,1804.68,UPI,HDFC,insufficient_funds,7,1,0,0
txn_04243,1123.16,Netbanking,Axis,session_timeout,19,0,0,0
txn_04244,420.47,Netbanking,Yes Bank,insufficient_funds,3,0,0,0
txn_04245,4606.17,UPI,HDFC,insufficient_funds,5,0,0,0
txn_04246,546.19,Card,SBI,insufficient_funds,17,1,0,0
txn_04247,596.68,UPI,Yes Bank,otp_timeout,21,0,0,1
txn_04248,1477.68,Netbanking,SBI,session_timeout,16,1,0,1
txn_04249,1755.56,Card,Kotak,card_declined,23,1,0,0
txn_04250,281.24,Netbanking,PNB,insufficient_funds,0,1,3,0
txn_04251,390.74,Wallet,Kotak,insufficient_funds,23,1,0,1
txn_04252,1545.57,UPI,Axis,bank_server_down,9,1,0,0
txn_04253,819.44,Wallet,PNB,insufficient_funds,10,0,0,0
txn_04254,1566.65,UPI,Yes Bank,bank_server_down,14,1,0,0
txn_04255,4007.99,Card,Yes Bank,bank_server_down,22,0,0,0
txn_04256,680.24,UPI,Kotak,insufficient_funds,16,0,0,0
txn_04257,598.76,UPI,Yes Bank,network_error,21,0,0,0
txn_04258,205.84,UPI,ICICI,insufficient_funds,0,1,2,0
txn_04259,1414.52,UPI,ICICI,otp_timeout,9,1,2,0
txn_04260,282.14,UPI,Yes Bank,insufficient_funds,5,1,0,1
txn_04261,366.88,UPI,Kotak,insufficient_funds,22,1,2,0
txn_04262,223.72,Card,HDFC,insufficient_funds,21,0,0,0
txn_04263,1526.84,Netbanking,Yes Bank,bank_server_down,4,1,0,1
txn_04264,1566.69,UPI,Yes Bank,insufficient_funds,6,0,2,0
txn_04265,1030.21,UPI,Kotak,network_error,7,1,1,0
txn_04266,714.87,Netbanking,Kotak,bank_server_down,16,0,3,0
txn_04267,1241.16,UPI,Kotak,network_error,18,1,0,0
txn_04268,1608.48,UPI,Axis,network_error,2,0,1,0
txn_04269,1144.86,Card,HDFC,card_declined,5,1,0,0
txn_04270,187.71,UPI,PNB,bank_server_down,8,1,0,1
txn_04271,1768.64,Card,SBI,otp_timeout,15,1,0,1
txn_04272,286.38,Card,SBI,bank_server_down,17,0,3,0
txn_04273,992.96,UPI,ICICI,bank_server_down,3,1,2,0
txn_04274,2223.81,UPI,Kotak,insufficient_funds,12,1,2,0
txn_04275,481.83,Wallet,SBI,network_error,2,1,1,1
txn_04276,893.19,Card,Axis,otp_timeout,6,0,1,1
txn_04277,1565.24,Netbanking,Axis,insufficient_funds,21,1,0,0
txn_04278,2795.88,Card,Axis,insufficient_funds,9,0,1,0
txn_04279,961.01,UPI,Yes Bank,otp_timeout,14,0,1,0
txn_04280,718.53,Wallet,PNB,network_error,20,1,0,0
txn_04281,524.24,Card,ICICI,card_declined,19,1,2,0
txn_04282,517.16,UPI,PNB,network_error,20,1,0,1
txn_04283,518.51,UPI,Yes Bank,network_error,3,1,0,1
txn_04284,741.04,UPI,Yes Bank,otp_timeout,17,0,0,1
txn_04285,292.89,UPI,ICICI,bank_server_down,23,0,1,0
txn_04286,1397.3,Netbanking,SBI,bank_server_down,5,0,2,0
txn_04287,915.46,Netbanking,ICICI,session_timeout,1,1,2,0
txn_04288,293.33,Netbanking,HDFC,insufficient_funds,8,1,2,0
txn_04289,113.31,Netbanking,PNB,session_timeout,19,0,2,0
txn_04290,135.9,Netbanking,Yes Bank,session_timeout,16,0,2,1
txn_04291,660.72,UPI,ICICI,network_error,19,1,3,1
txn_04292,1301.93,Netbanking,Kotak,insufficient_funds,7,0,1,0
txn_04293,478.97,UPI,SBI,network_error,21,1,2,0
txn_04294,234.02,UPI,HDFC,otp_timeout,6,0,0,1
txn_04295,399.1,Card,Axis,insufficient_funds,21,1,0,1
txn_04296,6291.61,Wallet,SBI,insufficient_funds,13,1,2,0
txn_04297,179.24,Netbanking,HDFC,bank_server_down,10,0,1,1
txn_04298,383.62,UPI,PNB,insufficient_funds,17,1,0,0
txn_04299,1545.93,UPI,ICICI,network_error,23,0,0,0
txn_04300,647.67,Card,SBI,card_declined,4,1,0,1
txn_04301,306.7,Wallet,SBI,insufficient_funds,7,0,0,0
txn_04302,698.34,UPI,Axis,network_error,6,0,0,1
txn_04303,325.57,Card,Kotak,insufficient_funds,9,1,2,0
txn_04304,260.66,UPI,SBI,insufficient_funds,5,0,0,0
txn_04305,646.93,Wallet,SBI,network_error,5,0,2,1
txn_04306,4270.82,UPI,ICICI,network_error,9,1,1,1
txn_04307,290.8,UPI,Kotak,insufficient_funds,18,0,1,0
txn_04308,134.95,UPI,Axis,network_error,22,1,0,1
txn_04309,1633.96,UPI,Axis,network_error,3,0,0,0
txn_04310,739.35,UPI,Axis,otp_timeout,15,1,0,1
txn_04311,1511.79,Netbanking,Kotak,bank_server_down,17,1,0,0
txn_04312,1295.92,Wallet,HDFC,network_error,11,0,0,1
txn_04313,169.8,Card,HDFC,card_declined,13,1,0,0
txn_04314,1307.26,UPI,Kotak,bank_server_down,7,1,1,1
txn_04315,2069.58,UPI,Kotak,otp_timeout,23,0,0,1
txn_04316,785.09,UPI,ICICI,insufficient_funds,20,1,2,0
txn_04317,2782.56,UPI,Yes Bank,otp_timeout,14,1,0,1
txn_04318,6820.71,Card,HDFC,insufficient_funds,9,1,0,0
txn_04319,1340.93,Netbanking,Yes Bank,insufficient_funds,4,0,0,0
txn_04320,1231.57,UPI,Axis,otp_timeout,11,1,1,0
txn_04321,329.05,UPI,SBI,otp_timeout,9,1,1,1
txn_04322,254.25,Card,HDFC,insufficient_funds,4,1,3,0
txn_04323,326.76,Card,Yes Bank,bank_server_down,4,1,1,1
txn_04324,1298.28,Netbanking,Yes Bank,insufficient_funds,13,1,2,0
txn_04325,820.62,UPI,PNB,insufficient_funds,4,0,0,0
txn_04326,1279.12,Card,HDFC,insufficient_funds,0,0,0,0
txn_04327,322.86,Netbanking,PNB,bank_server_down,11,1,1,0
txn_04328,1553.92,Card,SBI,insufficient_funds,8,1,0,0
txn_04329,1103.3,Card,HDFC,otp_timeout,16,1,0,0
txn_04330,296.37,UPI,Kotak,otp_timeout,11,1,2,0
txn_04331,5883.13,Netbanking,Yes Bank,insufficient_funds,20,1,1,0
txn_04332,113.07,UPI,ICICI,otp_timeout,8,1,1,0
txn_04333,393.21,Card,Yes Bank,insufficient_funds,2,0,1,0
txn_04334,524.44,Card,Yes Bank,card_declined,8,1,1,0
txn_04335,292.18,UPI,HDFC,bank_server_down,14,1,3,0
txn_04336,626.22,UPI,Axis,otp_timeout,3,1,3,1
txn_04337,689.63,UPI,Yes Bank,network_error,5,0,3,1
txn_04338,477.04,Netbanking,SBI,session_timeout,19,1,0,0
txn_04339,144.78,Wallet,Kotak,network_error,16,1,1,1
txn_04340,2752.86,UPI,Kotak,insufficient_funds,21,0,0,0
txn_04341,3021.31,UPI,HDFC,insufficient_funds,8,1,2,0
txn_04342,4154.42,UPI,PNB,otp_timeout,22,0,2,0
txn_04343,478.12,UPI,ICICI,network_error,22,0,1,0
txn_04344,524.18,UPI,Yes Bank,otp_timeout,3,1,1,0
txn_04345,166.27,Card,ICICI,card_declined,1,1,0,1
txn_04346,624.04,Netbanking,ICICI,session_timeout,11,1,0,0
txn_04347,1314.08,Card,SBI,otp_timeout,13,1,0,1
txn_04348,2562.98,UPI,ICICI,network_error,16,1,1,1
txn_04349,517.92,Netbanking,Yes Bank,insufficient_funds,18,1,1,0
txn_04350,424.14,UPI,PNB,otp_timeout,14,1,0,0
txn_04351,399.41,Card,PNB,insufficient_funds,22,1,0,1
txn_04352,861.95,UPI,ICICI,network_error,3,1,1,0
txn_04353,681.77,UPI,ICICI,network_error,11,1,0,1
txn_04354,812.78,UPI,Kotak,bank_server_down,2,1,0,1
txn_04355,1147.1,UPI,Kotak,insufficient_funds,17,0,2,0
txn_04356,2737.58,UPI,PNB,bank_server_down,17,0,1,0
txn_04357,279.09,Card,ICICI,bank_server_down,17,1,1,0
txn_04358,254.25,Wallet,Axis,insufficient_funds,7,1,0,0
txn_04359,296.26,UPI,HDFC,otp_timeout,21,1,1,0
txn_04360,276.48,UPI,ICICI,network_error,9,0,0,1
txn_04361,572.12,UPI,ICICI,insufficient_funds,10,0,0,0
txn_04362,1204.16,Card,Yes Bank,insufficient_funds,16,1,0,1
txn_04363,862.77,Card,Axis,otp_timeout,17,0,0,1
txn_04364,99.01,Wallet,PNB,network_error,16,1,0,0
txn_04365,227.16,UPI,ICICI,otp_timeout,1,1,1,1
txn_04366,1681.32,Card,Yes Bank,otp_timeout,19,1,3,0
txn_04367,540.08,UPI,Axis,otp_timeout,1,1,3,1
txn_04368,4245.19,UPI,ICICI,network_error,12,1,2,0
txn_04369,4734.65,Card,Yes Bank,bank_server_down,7,1,3,0
txn_04370,563.53,Card,SBI,otp_timeout,5,1,1,1
txn_04371,687.75,UPI,Axis,bank_server_down,21,1,0,0
txn_04372,1217.47,Card,SBI,otp_timeout,2,1,2,1
txn_04373,1983.27,Netbanking,Kotak,insufficient_funds,12,1,0,0
txn_04374,419.03,Netbanking,Axis,bank_server_down,3,1,1,0
txn_04375,80.61,UPI,SBI,insufficient_funds,1,0,1,0
txn_04376,1404.98,UPI,SBI,insufficient_funds,6,1,0,0
txn_04377,1027.17,UPI,PNB,insufficient_funds,21,1,0,0
txn_04378,1158.43,Netbanking,Kotak,bank_server_down,10,0,2,0
txn_04379,336.74,UPI,Kotak,bank_server_down,16,0,2,0
txn_04380,801.59,Netbanking,Kotak,insufficient_funds,16,0,0,1
txn_04381,475.04,Wallet,HDFC,insufficient_funds,2,0,0,0
txn_04382,1425.83,Netbanking,HDFC,insufficient_funds,4,1,0,1
txn_04383,3171.44,UPI,PNB,insufficient_funds,16,1,1,0
txn_04384,1086.18,UPI,SBI,network_error,12,1,0,0
txn_04385,167.02,UPI,ICICI,insufficient_funds,15,1,1,1
txn_04386,254.84,UPI,Axis,insufficient_funds,1,0,0,0
txn_04387,372.73,UPI,Axis,bank_server_down,17,1,0,1
txn_04388,472.31,UPI,Axis,insufficient_funds,18,0,0,0
txn_04389,52.52,UPI,ICICI,network_error,7,0,1,0
txn_04390,207.12,UPI,SBI,insufficient_funds,1,0,1,0
txn_04391,2080.82,Card,Yes Bank,card_declined,9,0,1,0
txn_04392,1135.28,Netbanking,PNB,insufficient_funds,14,1,0,0
txn_04393,659.82,UPI,ICICI,otp_timeout,3,1,0,1
txn_04394,4878.02,Card,Kotak,otp_timeout,12,0,1,1
txn_04395,511.86,UPI,ICICI,otp_timeout,7,0,1,0
txn_04396,1312.83,Netbanking,Yes Bank,bank_server_down,1,1,0,1
txn_04397,282.17,Card,SBI,insufficient_funds,14,0,0,0
txn_04398,294.74,UPI,ICICI,network_error,23,0,0,0
txn_04399,1259.07,Card,HDFC,bank_server_down,3,1,1,0
txn_04400,483.87,UPI,Yes Bank,insufficient_funds,20,1,0,0
txn_04401,755.43,Netbanking,ICICI,session_timeout,8,0,0,1
txn_04402,82.01,UPI,Axis,network_error,16,1,1,0
txn_04403,555.33,Card,PNB,bank_server_down,22,0,0,1
txn_04404,1582.78,UPI,ICICI,network_error,3,0,3,0
txn_04405,1098.08,Card,PNB,otp_timeout,11,1,1,1
txn_04406,772.59,Card,PNB,insufficient_funds,12,0,0,0
txn_04407,495.94,UPI,ICICI,bank_server_down,7,1,0,0
txn_04408,342.03,Card,Kotak,insufficient_funds,15,0,1,0
txn_04409,2552.42,Netbanking,Kotak,bank_server_down,19,0,0,0
txn_04410,392.51,UPI,Axis,network_error,18,0,1,1
txn_04411,668.47,UPI,Axis,network_error,21,1,1,0
txn_04412,473.12,UPI,SBI,network_error,3,0,1,0
txn_04413,345.18,UPI,PNB,bank_server_down,10,1,1,0
txn_04414,176.65,UPI,Axis,otp_timeout,16,0,2,1
txn_04415,515.66,UPI,Kotak,otp_timeout,12,1,1,1
txn_04416,306.7,UPI,PNB,bank_server_down,7,1,0,0
txn_04417,410.26,UPI,Axis,otp_timeout,4,1,0,0
txn_04418,207.48,Card,Axis,bank_server_down,8,1,0,1
txn_04419,3401.36,Card,PNB,bank_server_down,20,0,1,1
txn_04420,769.57,Card,Kotak,card_declined,9,1,0,0
txn_04421,1488.75,Wallet,HDFC,insufficient_funds,14,1,0,0
txn_04422,1484.23,UPI,HDFC,bank_server_down,11,1,0,0
txn_04423,43.63,UPI,SBI,bank_server_down,22,0,1,0
txn_04424,790.4,Netbanking,HDFC,session_timeout,1,1,0,0
txn_04425,141.14,Card,HDFC,card_declined,1,1,0,1
txn_04426,382.19,Card,ICICI,insufficient_funds,14,1,1,0
txn_04427,2111.73,UPI,Axis,insufficient_funds,2,1,3,0
txn_04428,400.26,Wallet,HDFC,network_error,13,1,1,1
txn_04429,2594.23,Card,Axis,bank_server_down,0,1,0,1
txn_04430,901.93,Wallet,PNB,insufficient_funds,22,1,0,0
txn_04431,312.75,UPI,HDFC,otp_timeout,5,1,2,0
txn_04432,1459.26,Netbanking,ICICI,bank_server_down,1,0,0,1
txn_04433,392.69,Netbanking,Axis,insufficient_funds,9,1,1,0
txn_04434,148.99,UPI,HDFC,bank_server_down,3,0,2,1
txn_04435,20.19,Netbanking,ICICI,bank_server_down,0,1,0,1
txn_04436,225.89,Wallet,PNB,insufficient_funds,19,0,1,0
txn_04437,1313.15,Card,Axis,card_declined,5,0,2,0
txn_04438,734.13,UPI,Axis,otp_timeout,10,1,0,1
txn_04439,1208.06,Card,Kotak,card_declined,4,0,1,0
txn_04440,120.91,UPI,SBI,bank_server_down,13,0,0,0
txn_04441,283.47,Netbanking,HDFC,bank_server_down,20,1,3,0
txn_04442,435.14,UPI,HDFC,network_error,12,1,0,1
txn_04443,150.22,UPI,Axis,bank_server_down,23,0,1,0
txn_04444,2367.71,Wallet,Kotak,insufficient_funds,15,0,0,0
txn_04445,1698.51,UPI,Yes Bank,network_error,19,1,0,1
txn_04446,1624.56,UPI,ICICI,bank_server_down,11,1,1,0
txn_04447,1616.44,Wallet,PNB,network_error,11,1,0,1
txn_04448,203.04,UPI,PNB,otp_timeout,12,1,0,0
txn_04449,142.39,Netbanking,Kotak,insufficient_funds,14,1,0,0
txn_04450,1062.48,Card,SBI,card_declined,17,1,0,1
txn_04451,448.86,UPI,Axis,insufficient_funds,17,0,0,0
txn_04452,2328.9,UPI,ICICI,insufficient_funds,5,1,0,0
txn_04453,1083.46,Card,Kotak,otp_timeout,7,1,2,1
txn_04454,1473.16,UPI,Yes Bank,bank_server_down,18,1,0,0
txn_04455,2524.38,UPI,PNB,insufficient_funds,11,0,2,0
txn_04456,257.44,UPI,Yes Bank,bank_server_down,22,1,2,0
txn_04457,833.24,Netbanking,ICICI,bank_server_down,0,1,0,0
txn_04458,1563.07,Card,Yes Bank,otp_timeout,5,0,1,0
txn_04459,2217.2,Wallet,PNB,insufficient_funds,15,0,1,0
txn_04460,1800.44,UPI,HDFC,bank_server_down,17,1,0,1
txn_04461,666.54,UPI,PNB,network_error,19,0,1,0
txn_04462,992.91,Netbanking,Axis,session_timeout,20,1,0,0
txn_04463,127.83,UPI,HDFC,insufficient_funds,11,1,2,0
txn_04464,3196.32,UPI,HDFC,bank_server_down,16,1,0,1
txn_04465,1434.15,UPI,Axis,network_error,0,1,0,1
txn_04466,2344.01,UPI,HDFC,bank_server_down,1,0,1,1
txn_04467,659.63,UPI,SBI,otp_timeout,20,0,1,1
txn_04468,858.7,UPI,HDFC,otp_timeout,1,0,0,1
txn_04469,2664.22,UPI,SBI,network_error,22,0,0,0
txn_04470,242.84,UPI,Axis,network_error,8,0,0,1
txn_04471,161.56,UPI,SBI,otp_timeout,13,1,0,1
txn_04472,731.14,UPI,SBI,bank_server_down,15,1,0,0
txn_04473,712.17,Netbanking,Kotak,bank_server_down,2,0,2,0
txn_04474,415.03,UPI,Axis,network_error,0,1,0,1
txn_04475,598.12,UPI,Kotak,network_error,1,1,0,1
txn_04476,2503.32,Card,Yes Bank,bank_server_down,7,1,0,0
txn_04477,660.66,Netbanking,Kotak,session_timeout,16,0,1,1
txn_04478,82.45,UPI,Kotak,network_error,20,1,0,1
txn_04479,649.67,Card,Yes Bank,bank_server_down,5,1,3,1
txn_04480,1470.27,UPI,Axis,otp_timeout,19,1,0,1
txn_04481,1372.9,Wallet,PNB,insufficient_funds,9,1,2,0
txn_04482,3610.68,Card,Axis,card_declined,16,0,0,0
txn_04483,200.95,UPI,Axis,bank_server_down,5,1,1,0
txn_04484,805.74,Card,Axis,insufficient_funds,8,1,2,0
txn_04485,1700.39,UPI,Axis,otp_timeout,22,1,0,1
txn_04486,55.58,Card,HDFC,bank_server_down,18,1,0,0
txn_04487,1250.09,UPI,PNB,insufficient_funds,23,0,3,0
txn_04488,176.63,Wallet,HDFC,insufficient_funds,14,1,0,0
txn_04489,1985.9,UPI,Yes Bank,network_error,4,1,1,1
txn_04490,182.59,UPI,PNB,network_error,18,0,2,0
txn_04491,948.67,Wallet,ICICI,insufficient_funds,2,0,1,0
txn_04492,1562.15,Card,HDFC,card_declined,13,1,1,1
txn_04493,86.96,UPI,PNB,otp_timeout,23,1,2,0
txn_04494,931.29,Card,Yes Bank,card_declined,22,0,0,0
txn_04495,141.51,UPI,PNB,otp_timeout,12,1,2,0
txn_04496,613.65,Card,ICICI,card_declined,16,0,0,0
txn_04497,1224.05,UPI,Kotak,otp_timeout,16,1,1,0
txn_04498,3656.02,Netbanking,Axis,bank_server_down,2,1,0,0
txn_04499,212.24,Card,Yes Bank,card_declined,5,1,0,0
txn_04500,213.61,UPI,Yes Bank,network_error,16,1,0,1
txn_04501,199.8,UPI,ICICI,bank_server_down,4,1,2,0
txn_04502,921.71,UPI,Yes Bank,network_error,9,0,0,1
txn_04503,231.1,UPI,Yes Bank,otp_timeout,10,1,2,0
txn_04504,789.08,UPI,SBI,network_error,18,0,0,1
txn_04505,673.34,UPI,Axis,bank_server_down,1,0,3,0
txn_04506,1460.85,Card,Yes Bank,bank_server_down,3,0,0,0
txn_04507,325.84,Card,Axis,insufficient_funds,20,1,0,1
txn_04508,1402.71,UPI,Axis,insufficient_funds,6,0,2,0
txn_04509,4584.35,UPI,HDFC,network_error,2,0,2,1
txn_04510,109.1,UPI,PNB,bank_server_down,3,1,0,1
txn_04511,281.03,UPI,SBI,insufficient_funds,21,1,1,0
txn_04512,819.82,Card,SBI,card_declined,14,0,2,0
txn_04513,1084.79,UPI,Kotak,otp_timeout,12,1,1,0
txn_04514,251.65,UPI,ICICI,network_error,18,1,0,0
txn_04515,639.26,UPI,PNB,insufficient_funds,8,1,2,0
txn_04516,643.5,Card,SBI,otp_timeout,21,0,0,1
txn_04517,611.67,Netbanking,PNB,session_timeout,0,1,2,0
txn_04518,990.06,UPI,PNB,network_error,4,0,0,0
txn_04519,9661.47,Card,Axis,otp_timeout,8,1,0,1
txn_04520,346.86,UPI,ICICI,insufficient_funds,16,1,3,1
txn_04521,881.46,Netbanking,HDFC,session_timeout,22,1,3,0
txn_04522,1083.45,UPI,Kotak,otp_timeout,8,0,0,1
txn_04523,308.67,Netbanking,Kotak,bank_server_down,13,0,0,0
txn_04524,825.37,UPI,ICICI,bank_server_down,12,0,1,0
txn_04525,1334.64,Card,ICICI,otp_timeout,5,1,0,1
txn_04526,376.37,Wallet,Yes Bank,insufficient_funds,15,0,1,0
txn_04527,246.47,UPI,Yes Bank,bank_server_down,12,0,1,0
txn_04528,2451.86,UPI,PNB,otp_timeout,17,0,1,1
txn_04529,2384.38,UPI,HDFC,bank_server_down,15,1,2,0
txn_04530,661.79,UPI,Axis,otp_timeout,4,1,2,0
txn_04531,423.16,UPI,HDFC,insufficient_funds,6,1,0,0
txn_04532,632.11,UPI,Yes Bank,bank_server_down,2,1,0,0
txn_04533,663.36,UPI,ICICI,bank_server_down,8,0,2,0
txn_04534,791.86,Netbanking,SBI,bank_server_down,7,1,0,1
txn_04535,875.76,UPI,Axis,bank_server_down,1,1,2,0
txn_04536,472.24,UPI,HDFC,otp_timeout,5,0,1,1
txn_04537,66.83,UPI,PNB,bank_server_down,15,1,0,0
txn_04538,550.1,Netbanking,Kotak,session_timeout,3,1,0,0
txn_04539,1133.73,UPI,ICICI,insufficient_funds,2,1,0,0
txn_04540,288.72,UPI,Axis,bank_server_down,13,1,3,0
txn_04541,532.44,UPI,Axis,network_error,19,1,0,1
txn_04542,1922.23,UPI,HDFC,bank_server_down,13,1,2,1
txn_04543,686.36,Card,PNB,card_declined,2,0,0,0
txn_04544,2829.0,Card,Yes Bank,card_declined,4,1,1,0
txn_04545,710.09,UPI,Axis,insufficient_funds,22,1,0,1
txn_04546,775.11,Card,Yes Bank,card_declined,16,0,0,0
txn_04547,787.02,Netbanking,PNB,insufficient_funds,23,1,2,0
txn_04548,253.28,UPI,SBI,bank_server_down,3,1,2,1
txn_04549,1014.84,Netbanking,Kotak,insufficient_funds,3,1,1,0
txn_04550,442.42,Card,Axis,otp_timeout,9,1,1,1
txn_04551,1003.71,UPI,Yes Bank,network_error,10,0,0,0
txn_04552,277.06,UPI,Yes Bank,insufficient_funds,19,1,0,1
txn_04553,184.25,UPI,SBI,otp_timeout,6,1,0,1
txn_04554,242.11,UPI,Kotak,network_error,11,0,1,1
txn_04555,2017.43,Netbanking,SBI,insufficient_funds,17,1,1,0
txn_04556,1456.39,Card,PNB,card_declined,5,1,3,0
txn_04557,372.24,UPI,SBI,bank_server_down,4,1,0,0
txn_04558,7683.99,UPI,Kotak,insufficient_funds,8,0,3,0
txn_04559,1005.77,UPI,Yes Bank,bank_server_down,8,1,1,0
txn_04560,1258.36,Card,PNB,card_declined,22,1,2,0
txn_04561,1167.16,UPI,SBI,network_error,13,1,0,1
txn_04562,2079.55,Card,HDFC,bank_server_down,5,0,0,0
txn_04563,613.03,Wallet,Yes Bank,insufficient_funds,0,1,1,0
txn_04564,180.78,UPI,Kotak,insufficient_funds,14,1,2,0
txn_04565,112.86,Card,Kotak,insufficient_funds,16,1,2,0
txn_04566,547.36,Card,Yes Bank,bank_server_down,13,1,0,0
txn_04567,564.51,UPI,Kotak,otp_timeout,16,0,0,1
txn_04568,542.27,Wallet,PNB,network_error,11,0,0,1
txn_04569,604.93,UPI,Yes Bank,bank_server_down,14,0,0,0
txn_04570,224.81,UPI,PNB,otp_timeout,13,1,1,1
txn_04571,54.81,UPI,Kotak,otp_timeout,11,0,2,1
txn_04572,4709.19,UPI,Axis,insufficient_funds,0,0,1,0
txn_04573,470.92,UPI,SBI,otp_timeout,14,0,3,0
txn_04574,1226.09,UPI,PNB,network_error,14,0,0,1
txn_04575,258.91,UPI,SBI,otp_timeout,10,1,1,1
txn_04576,1243.31,Card,HDFC,otp_timeout,1,1,0,1
txn_04577,688.3,Netbanking,PNB,insufficient_funds,0,0,1,0
txn_04578,119.98,Card,PNB,otp_timeout,3,1,1,0
txn_04579,1727.02,Card,PNB,bank_server_down,3,1,0,1
txn_04580,1943.46,UPI,Axis,otp_timeout,4,1,0,1
txn_04581,538.14,Netbanking,Kotak,bank_server_down,16,0,2,0
txn_04582,1987.22,Card,SBI,insufficient_funds,9,1,0,0
txn_04583,588.79,Netbanking,Yes Bank,insufficient_funds,22,1,2,0
txn_04584,85.37,Card,HDFC,bank_server_down,10,0,1,0
txn_04585,809.75,UPI,HDFC,network_error,6,1,0,1
txn_04586,1412.55,UPI,HDFC,insufficient_funds,21,1,0,0
txn_04587,559.53,Wallet,Yes Bank,insufficient_funds,23,1,1,0
txn_04588,3019.04,UPI,SBI,network_error,20,1,3,0
txn_04589,3009.57,UPI,Axis,network_error,14,0,0,1
txn_04590,970.45,Netbanking,HDFC,insufficient_funds,6,0,0,0
txn_04591,457.46,Card,Kotak,card_declined,1,0,0,1
txn_04592,220.02,UPI,SBI,otp_timeout,1,0,1,1
txn_04593,417.23,UPI,SBI,bank_server_down,20,1,0,1
txn_04594,1236.51,Card,Yes Bank,bank_server_down,8,1,2,0
txn_04595,1673.23,UPI,PNB,bank_server_down,20,0,0,1
txn_04596,3926.26,Card,Kotak,bank_server_down,18,1,0,0
txn_04597,1310.74,Card,PNB,insufficient_funds,15,0,0,0
txn_04598,1583.77,UPI,ICICI,insufficient_funds,6,1,0,0
txn_04599,257.82,Card,Axis,bank_server_down,5,0,0,0
txn_04600,1158.72,UPI,Kotak,bank_server_down,20,1,2,0
txn_04601,502.09,UPI,Yes Bank,bank_server_down,12,0,0,0
txn_04602,89.71,UPI,ICICI,insufficient_funds,19,1,0,0
txn_04603,895.29,Card,SBI,otp_timeout,19,0,1,1
txn_04604,294.97,UPI,Yes Bank,otp_timeout,19,1,0,1
txn_04605,608.61,UPI,PNB,bank_server_down,0,1,3,0
txn_04606,171.41,UPI,Yes Bank,network_error,22,1,1,1
txn_04607,69.83,Card,Kotak,card_declined,22,1,0,0
txn_04608,291.2,UPI,ICICI,bank_server_down,10,1,0,1
txn_04609,1259.45,Card,ICICI,card_declined,6,1,2,0
txn_04610,1107.5,Card,ICICI,card_declined,20,0,1,1
txn_04611,1949.87,Card,Yes Bank,insufficient_funds,0,0,1,0
txn_04612,217.02,Netbanking,Yes Bank,bank_server_down,23,1,0,1
txn_04613,142.33,UPI,SBI,otp_timeout,14,1,0,1
txn_04614,1634.35,Card,Kotak,otp_timeout,11,1,1,1
txn_04615,399.47,Netbanking,Kotak,insufficient_funds,6,1,0,0
txn_04616,187.65,Netbanking,Axis,bank_server_down,20,0,0,0
txn_04617,346.25,UPI,SBI,network_error,18,1,0,1
txn_04618,102.23,UPI,Yes Bank,bank_server_down,17,1,2,0
txn_04619,2081.44,UPI,Kotak,network_error,3,1,0,1
txn_04620,489.13,UPI,Axis,network_error,2,1,1,1
txn_04621,1431.62,UPI,PNB,bank_server_down,8,1,2,0
txn_04622,433.81,Card,HDFC,otp_timeout,3,0,2,0
txn_04623,1484.79,Netbanking,Yes Bank,session_timeout,7,0,0,1
txn_04624,335.43,UPI,HDFC,network_error,9,0,0,0
txn_04625,875.96,UPI,HDFC,insufficient_funds,21,1,0,0
txn_04626,1146.31,Card,PNB,otp_timeout,23,1,0,1
txn_04627,2242.83,UPI,HDFC,bank_server_down,17,0,0,0
txn_04628,562.98,Netbanking,Kotak,insufficient_funds,0,0,1,1
txn_04629,457.09,Card,SBI,insufficient_funds,12,0,0,0
txn_04630,14476.01,UPI,Yes Bank,insufficient_funds,8,1,0,1
txn_04631,1993.75,UPI,ICICI,bank_server_down,10,1,1,0
txn_04632,254.71,UPI,Yes Bank,bank_server_down,3,1,0,1
txn_04633,282.56,UPI,SBI,insufficient_funds,1,0,0,0
txn_04634,2781.33,UPI,Kotak,network_error,19,0,2,1
txn_04635,1041.79,UPI,ICICI,insufficient_funds,16,0,0,0
txn_04636,355.45,UPI,Kotak,insufficient_funds,19,1,1,0
txn_04637,368.8,Card,Kotak,otp_timeout,5,1,0,1
txn_04638,271.86,Netbanking,Yes Bank,bank_server_down,10,0,1,0
txn_04639,2837.98,UPI,Yes Bank,insufficient_funds,1,0,0,1
txn_04640,394.91,UPI,Yes Bank,insufficient_funds,0,1,2,0
txn_04641,660.93,Card,Kotak,insufficient_funds,9,1,1,0
txn_04642,1013.47,Card,HDFC,otp_timeout,11,1,1,0
txn_04643,163.59,UPI,HDFC,insufficient_funds,23,0,2,0
txn_04644,1365.51,Card,Axis,insufficient_funds,17,1,0,0
txn_04645,522.07,Card,ICICI,otp_timeout,22,1,0,1
txn_04646,679.03,Wallet,Yes Bank,insufficient_funds,0,1,1,0
txn_04647,374.88,Netbanking,Axis,insufficient_funds,11,0,2,0
txn_04648,1110.69,UPI,PNB,insufficient_funds,6,1,0,0
txn_04649,790.66,Card,PNB,otp_timeout,12,0,1,0
txn_04650,208.92,UPI,Kotak,network_error,20,0,0,0
txn_04651,797.61,UPI,Yes Bank,network_error,13,1,0,1
txn_04652,1318.73,UPI,HDFC,bank_server_down,6,0,1,0
txn_04653,4872.52,Card,Kotak,card_declined,11,0,0,1
txn_04654,228.48,UPI,Yes Bank,insufficient_funds,17,0,0,0
txn_04655,1838.48,Card,ICICI,card_declined,1,1,3,0
txn_04656,481.99,Card,PNB,bank_server_down,11,1,0,1
txn_04657,590.09,Card,PNB,otp_timeout,6,1,0,1
txn_04658,783.62,UPI,ICICI,otp_timeout,19,1,0,1
txn_04659,833.79,UPI,HDFC,network_error,7,1,2,1
txn_04660,564.14,UPI,PNB,insufficient_funds,11,0,0,0
txn_04661,734.56,UPI,Yes Bank,bank_server_down,17,1,1,1
txn_04662,640.04,Card,Kotak,insufficient_funds,21,0,1,0
txn_04663,1098.62,UPI,Yes Bank,network_error,9,0,1,0
txn_04664,970.83,UPI,Kotak,bank_server_down,20,0,0,0
txn_04665,762.21,UPI,Axis,otp_timeout,0,1,0,1
txn_04666,218.02,Card,ICICI,bank_server_down,17,0,1,0
txn_04667,2296.27,Netbanking,Yes Bank,session_timeout,15,1,0,1
txn_04668,2038.88,Netbanking,ICICI,insufficient_funds,8,1,0,0
txn_04669,511.69,UPI,SBI,network_error,1,1,1,1
txn_04670,772.72,UPI,Axis,network_error,22,1,1,1
txn_04671,207.55,Wallet,Axis,insufficient_funds,13,0,2,0
txn_04672,1343.2,UPI,SBI,otp_timeout,23,0,0,1
txn_04673,716.64,Netbanking,PNB,insufficient_funds,8,1,0,0
txn_04674,515.74,Card,Axis,otp_timeout,2,1,0,1
txn_04675,449.16,Netbanking,Yes Bank,insufficient_funds,2,0,0,0
txn_04676,555.87,Card,ICICI,otp_timeout,19,0,0,1
txn_04677,1395.23,UPI,ICICI,insufficient_funds,16,1,0,0
txn_04678,635.49,Card,Yes Bank,insufficient_funds,2,0,0,0
txn_04679,518.96,Wallet,HDFC,insufficient_funds,14,0,0,0
txn_04680,186.21,UPI,Yes Bank,insufficient_funds,12,0,1,0
txn_04681,5302.87,UPI,PNB,bank_server_down,4,1,1,0
txn_04682,763.98,Card,ICICI,bank_server_down,2,1,1,0
txn_04683,181.96,UPI,PNB,network_error,7,1,0,1
txn_04684,3730.49,Wallet,Yes Bank,insufficient_funds,17,1,2,0
txn_04685,412.23,Card,ICICI,bank_server_down,20,1,1,0
txn_04686,664.51,Card,Yes Bank,card_declined,4,1,1,0
txn_04687,1218.98,UPI,ICICI,bank_server_down,4,0,1,1
txn_04688,1403.97,Card,HDFC,bank_server_down,2,1,3,0
txn_04689,1662.36,Card,SBI,bank_server_down,23,1,2,0
txn_04690,168.08,UPI,PNB,network_error,2,0,1,0
txn_04691,269.64,Card,Kotak,otp_timeout,21,1,0,1
txn_04692,175.27,Card,PNB,card_declined,9,0,3,0
txn_04693,740.74,UPI,Yes Bank,otp_timeout,17,1,0,1
txn_04694,95.22,Card,Axis,insufficient_funds,12,0,0,1
txn_04695,728.09,UPI,SBI,insufficient_funds,6,0,0,1
txn_04696,858.3,UPI,HDFC,network_error,17,1,0,1
txn_04697,1629.9,UPI,Yes Bank,network_error,15,1,1,1
txn_04698,1292.57,UPI,Axis,network_error,5,1,0,0
txn_04699,18.04,Card,HDFC,insufficient_funds,13,1,1,0
txn_04700,2769.93,UPI,HDFC,network_error,7,0,1,1
txn_04701,139.89,UPI,PNB,otp_timeout,2,0,0,0
txn_04702,261.73,Card,PNB,insufficient_funds,17,0,0,0
txn_04703,884.9,UPI,ICICI,otp_timeout,17,1,1,0
txn_04704,4875.94,Card,Axis,card_declined,22,0,0,0
txn_04705,194.24,UPI,SBI,network_error,7,1,1,0
txn_04706,1732.34,UPI,SBI,bank_server_down,13,0,1,0
txn_04707,852.48,UPI,HDFC,otp_timeout,2,0,0,1
txn_04708,551.63,Wallet,Axis,network_error,5,1,0,0
txn_04709,1005.16,UPI,Kotak,bank_server_down,9,1,1,0
txn_04710,188.13,UPI,Axis,network_error,21,1,0,1
txn_04711,770.7,Netbanking,ICICI,session_timeout,5,1,2,1
txn_04712,778.58,UPI,Yes Bank,bank_server_down,4,1,2,1
txn_04713,275.63,UPI,ICICI,otp_timeout,8,1,0,1
txn_04714,3609.63,Netbanking,Yes Bank,bank_server_down,11,1,0,1
txn_04715,7170.99,UPI,PNB,network_error,16,0,0,1
txn_04716,1176.11,Netbanking,HDFC,session_timeout,20,1,2,0
txn_04717,2603.98,UPI,ICICI,bank_server_down,8,0,0,1
txn_04718,143.82,Netbanking,SBI,session_timeout,0,0,0,1
txn_04719,967.97,UPI,Kotak,bank_server_down,14,1,0,1
txn_04720,323.15,UPI,Kotak,bank_server_down,23,0,0,0
txn_04721,408.13,Card,Axis,otp_timeout,9,1,1,1
txn_04722,229.52,Card,Kotak,card_declined,23,1,3,0
txn_04723,173.92,UPI,Kotak,insufficient_funds,15,0,1,1
txn_04724,452.0,UPI,ICICI,insufficient_funds,23,1,1,0
txn_04725,1593.49,Card,Yes Bank,card_declined,3,0,3,0
txn_04726,3936.62,Card,ICICI,otp_timeout,13,0,1,0
txn_04727,708.71,Card,ICICI,card_declined,1,0,2,0
txn_04728,254.78,UPI,ICICI,bank_server_down,23,1,0,0
txn_04729,733.17,UPI,SBI,insufficient_funds,12,0,0,0
txn_04730,123.5,UPI,ICICI,otp_timeout,9,1,0,0
txn_04731,243.32,Wallet,Kotak,insufficient_funds,5,1,0,1
txn_04732,190.41,UPI,Axis,otp_timeout,13,1,0,1
txn_04733,158.53,UPI,HDFC,otp_timeout,16,0,0,0
txn_04734,5572.05,UPI,Kotak,insufficient_funds,15,0,2,0
txn_04735,1655.83,Card,Axis,bank_server_down,16,1,0,0
txn_04736,1200.32,UPI,ICICI,network_error,17,0,1,0
txn_04737,842.71,UPI,ICICI,insufficient_funds,19,0,0,0
txn_04738,6037.73,UPI,Yes Bank,bank_server_down,23,0,1,0
txn_04739,1171.97,Netbanking,Axis,bank_server_down,22,1,1,0
txn_04740,794.34,UPI,Yes Bank,network_error,11,0,2,1
txn_04741,284.58,UPI,Yes Bank,otp_timeout,11,1,1,1
txn_04742,998.6,UPI,ICICI,otp_timeout,10,0,2,0
txn_04743,554.54,UPI,Yes Bank,insufficient_funds,17,0,0,0
txn_04744,592.34,UPI,HDFC,bank_server_down,10,0,1,0
txn_04745,96.08,Card,HDFC,insufficient_funds,20,0,0,0
txn_04746,3689.19,Card,PNB,insufficient_funds,7,1,1,1
txn_04747,824.32,Card,ICICI,otp_timeout,23,1,1,0
txn_04748,676.69,UPI,PNB,insufficient_funds,12,1,0,0
txn_04749,650.48,UPI,ICICI,otp_timeout,22,0,0,1
txn_04750,1794.47,UPI,Yes Bank,network_error,22,1,0,1
txn_04751,1737.02,Card,SBI,insufficient_funds,16,1,0,0
txn_04752,1886.78,UPI,Yes Bank,network_error,17,1,2,1
txn_04753,413.65,Card,Yes Bank,otp_timeout,8,0,1,1
txn_04754,4521.07,Netbanking,PNB,insufficient_funds,6,1,1,1
txn_04755,847.28,UPI,ICICI,network_error,4,1,1,0
txn_04756,719.43,UPI,Kotak,otp_timeout,19,1,0,0
txn_04757,1139.26,Card,Yes Bank,otp_timeout,9,0,1,1
txn_04758,3124.97,UPI,ICICI,bank_server_down,8,0,1,0
txn_04759,1853.8,UPI,SBI,bank_server_down,5,1,1,0
txn_04760,701.15,Netbanking,Axis,insufficient_funds,17,1,0,0
txn_04761,546.66,UPI,SBI,otp_timeout,15,1,0,0
txn_04762,498.11,UPI,ICICI,network_error,15,1,0,1
txn_04763,386.82,UPI,PNB,bank_server_down,10,1,2,0
txn_04764,1032.83,UPI,Kotak,otp_timeout,0,0,3,0
txn_04765,573.62,UPI,Axis,insufficient_funds,3,1,0,0
txn_04766,2645.95,UPI,Kotak,bank_server_down,1,1,0,0
txn_04767,1766.02,Card,ICICI,card_declined,22,1,3,1
txn_04768,1167.51,Card,HDFC,insufficient_funds,7,0,0,1
txn_04769,1366.87,Card,Axis,insufficient_funds,16,1,1,0
txn_04770,370.92,UPI,SBI,otp_timeout,8,1,0,0
txn_04771,451.81,UPI,Yes Bank,insufficient_funds,22,0,0,0
txn_04772,1043.99,Netbanking,Yes Bank,session_timeout,8,0,1,0
txn_04773,1309.01,Card,Yes Bank,otp_timeout,8,0,1,1
txn_04774,448.6,UPI,HDFC,insufficient_funds,3,1,0,1
txn_04775,459.51,UPI,HDFC,insufficient_funds,12,1,1,0
txn_04776,2029.72,UPI,ICICI,insufficient_funds,4,1,2,0
txn_04777,876.51,UPI,SBI,network_error,11,0,1,0
txn_04778,1284.79,Card,PNB,insufficient_funds,8,1,0,0
txn_04779,1961.87,UPI,Kotak,otp_timeout,23,1,3,0
txn_04780,477.81,UPI,PNB,network_error,8,1,0,1
txn_04781,546.99,UPI,ICICI,insufficient_funds,8,0,0,0
txn_04782,8267.67,UPI,SBI,insufficient_funds,2,1,0,0
txn_04783,98.56,UPI,SBI,otp_timeout,23,1,3,0
txn_04784,428.18,UPI,ICICI,otp_timeout,22,0,2,1
txn_04785,947.39,UPI,ICICI,network_error,18,1,0,0
txn_04786,1219.98,UPI,Axis,insufficient_funds,15,1,0,0
txn_04787,264.48,Card,SBI,otp_timeout,16,1,0,1
txn_04788,240.92,Card,Axis,bank_server_down,9,0,1,0
txn_04789,2022.61,UPI,Kotak,insufficient_funds,13,1,0,0
txn_04790,1151.96,UPI,Yes Bank,insufficient_funds,9,0,0,0
txn_04791,808.65,Card,HDFC,bank_server_down,20,1,1,0
txn_04792,1399.15,UPI,PNB,network_error,7,1,1,0
txn_04793,1490.96,Card,Kotak,bank_server_down,11,1,0,0
txn_04794,801.61,Card,Axis,bank_server_down,10,0,1,0
txn_04795,878.68,UPI,Kotak,insufficient_funds,15,1,2,1
txn_04796,1382.67,UPI,PNB,network_error,13,0,0,1
txn_04797,1296.25,UPI,Axis,network_error,15,1,0,0
txn_04798,737.45,Netbanking,SBI,insufficient_funds,22,0,0,0
txn_04799,236.68,Card,Yes Bank,card_declined,3,0,1,0
txn_04800,1083.13,Card,Axis,insufficient_funds,3,1,1,1
txn_04801,260.61,UPI,PNB,bank_server_down,17,0,2,0
txn_04802,1974.44,UPI,ICICI,bank_server_down,19,0,1,1
txn_04803,426.5,UPI,HDFC,bank_server_down,7,0,1,1
txn_04804,675.91,UPI,HDFC,otp_timeout,4,0,1,0
txn_04805,540.4,UPI,Kotak,insufficient_funds,1,0,0,0
txn_04806,432.39,UPI,ICICI,insufficient_funds,20,0,0,0
txn_04807,2085.91,Card,Yes Bank,bank_server_down,16,1,0,0
txn_04808,293.83,UPI,Kotak,network_error,15,1,1,0
txn_04809,1260.14,UPI,PNB,bank_server_down,13,1,1,0
txn_04810,311.62,Netbanking,SBI,session_timeout,8,1,3,0
txn_04811,703.41,UPI,Kotak,insufficient_funds,1,1,0,0
txn_04812,409.52,Card,Kotak,card_declined,16,1,1,0
txn_04813,934.38,UPI,Kotak,network_error,7,1,1,0
txn_04814,1024.56,Netbanking,ICICI,insufficient_funds,17,0,0,0
txn_04815,1912.65,UPI,ICICI,otp_timeout,8,1,3,0
txn_04816,403.38,Netbanking,Axis,insufficient_funds,5,0,1,0
txn_04817,490.65,Card,PNB,insufficient_funds,6,0,1,0
txn_04818,194.85,Card,Kotak,insufficient_funds,15,1,0,0
txn_04819,381.8,Netbanking,Axis,bank_server_down,3,1,1,0
txn_04820,740.71,UPI,Kotak,bank_server_down,20,0,0,0
txn_04821,335.72,Netbanking,PNB,insufficient_funds,1,1,1,0
txn_04822,821.82,Card,Yes Bank,bank_server_down,18,0,0,1
txn_04823,609.53,Netbanking,Kotak,bank_server_down,10,1,1,0
txn_04824,4751.35,UPI,SBI,network_error,10,0,2,0
txn_04825,1151.99,Card,PNB,otp_timeout,0,1,0,1
txn_04826,315.36,Card,Kotak,bank_server_down,6,0,2,0
txn_04827,3076.22,Card,ICICI,otp_timeout,5,0,0,1
txn_04828,1336.24,UPI,PNB,otp_timeout,21,1,1,1
txn_04829,533.37,UPI,HDFC,bank_server_down,22,0,0,0
txn_04830,337.6,Card,HDFC,bank_server_down,23,0,1,0
txn_04831,71.47,UPI,Yes Bank,insufficient_funds,5,0,0,0
txn_04832,571.52,UPI,Yes Bank,bank_server_down,3,1,1,0
txn_04833,3874.71,UPI,Yes Bank,network_error,12,1,0,1
txn_04834,1034.4,Card,SBI,card_declined,15,1,1,0
txn_04835,847.4,Wallet,HDFC,insufficient_funds,12,1,1,1
txn_04836,1784.92,UPI,Axis,otp_timeout,17,0,1,0
txn_04837,198.76,UPI,Yes Bank,network_error,17,0,0,0
txn_04838,559.45,Wallet,HDFC,insufficient_funds,7,1,2,0
txn_04839,541.53,Netbanking,Yes Bank,bank_server_down,21,0,2,0
txn_04840,151.17,UPI,Kotak,network_error,23,0,0,1
txn_04841,290.52,Netbanking,Kotak,insufficient_funds,4,0,0,0
txn_04842,236.35,UPI,SBI,otp_timeout,2,0,0,0
txn_04843,1157.89,Card,HDFC,otp_timeout,21,1,2,0
txn_04844,894.26,UPI,Kotak,otp_timeout,18,1,3,1
txn_04845,742.8,Wallet,ICICI,network_error,12,1,1,0
txn_04846,1376.52,UPI,HDFC,otp_timeout,3,1,0,1
txn_04847,574.06,Netbanking,PNB,bank_server_down,15,0,1,0
txn_04848,4215.25,Netbanking,Kotak,session_timeout,9,1,0,0
txn_04849,254.44,Netbanking,ICICI,insufficient_funds,14,0,1,0
txn_04850,1226.04,UPI,Yes Bank,network_error,3,0,2,1
txn_04851,269.5,Netbanking,ICICI,bank_server_down,21,1,1,1
txn_04852,2863.75,UPI,SBI,otp_timeout,16,0,2,1
txn_04853,1607.51,Netbanking,HDFC,session_timeout,19,1,3,0
txn_04854,1208.79,Card,SBI,card_declined,6,1,0,0
txn_04855,190.71,Card,Yes Bank,bank_server_down,7,1,0,0
txn_04856,962.17,Netbanking,ICICI,insufficient_funds,0,1,0,0
txn_04857,640.42,UPI,HDFC,bank_server_down,8,0,0,0
txn_04858,2684.97,Card,HDFC,insufficient_funds,13,0,1,0
txn_04859,203.25,UPI,Axis,network_error,3,1,0,1
txn_04860,2998.94,Netbanking,HDFC,session_timeout,9,0,1,0
txn_04861,4404.5,UPI,Axis,network_error,17,1,0,0
txn_04862,304.52,Netbanking,Axis,bank_server_down,18,0,1,0
txn_04863,1971.56,Card,PNB,bank_server_down,8,0,0,1
txn_04864,770.68,UPI,SBI,bank_server_down,2,1,0,0
txn_04865,931.85,UPI,SBI,otp_timeout,12,0,0,1
txn_04866,562.16,Netbanking,Axis,bank_server_down,2,0,0,0
txn_04867,873.77,Card,HDFC,bank_server_down,0,1,3,0
txn_04868,4295.83,Card,Yes Bank,bank_server_down,16,1,0,1
txn_04869,1221.24,Netbanking,SBI,bank_server_down,3,1,0,0
txn_04870,538.2,Card,HDFC,card_declined,13,1,2,1
txn_04871,51.28,UPI,PNB,bank_server_down,3,0,1,0
txn_04872,95.09,UPI,ICICI,insufficient_funds,18,1,2,0
txn_04873,99.95,UPI,PNB,insufficient_funds,8,1,2,0
txn_04874,121.83,UPI,Kotak,otp_timeout,21,0,0,1
txn_04875,558.11,Netbanking,ICICI,bank_server_down,22,0,0,0
txn_04876,155.11,Wallet,Yes Bank,insufficient_funds,6,1,0,0
txn_04877,617.29,UPI,HDFC,network_error,9,1,2,0
txn_04878,258.34,UPI,ICICI,otp_timeout,15,1,2,1
txn_04879,2745.03,Card,SBI,card_declined,14,1,0,1
txn_04880,655.51,Card,ICICI,insufficient_funds,14,0,0,0
txn_04881,303.65,Card,PNB,bank_server_down,11,1,0,0
txn_04882,5727.43,UPI,ICICI,bank_server_down,3,0,1,0
txn_04883,392.77,UPI,Axis,otp_timeout,11,0,1,1
txn_04884,1751.35,Netbanking,Yes Bank,session_timeout,5,1,0,0
txn_04885,774.91,Card,Kotak,card_declined,22,0,0,0
txn_04886,4239.69,UPI,HDFC,otp_timeout,18,1,0,1
txn_04887,1524.62,UPI,Yes Bank,network_error,9,0,1,1
txn_04888,104.34,Netbanking,Yes Bank,insufficient_funds,11,0,0,0
txn_04889,446.39,Netbanking,HDFC,insufficient_funds,21,0,0,0
txn_04890,413.07,UPI,HDFC,otp_timeout,18,1,0,1
txn_04891,163.04,UPI,Yes Bank,otp_timeout,17,0,2,0
txn_04892,533.16,UPI,ICICI,network_error,10,1,1,0
txn_04893,585.3,UPI,Axis,otp_timeout,22,1,3,1
txn_04894,7314.15,UPI,Axis,network_error,1,1,0,0
txn_04895,274.55,UPI,Axis,bank_server_down,14,1,0,1
txn_04896,112.85,UPI,Yes Bank,otp_timeout,4,1,0,1
txn_04897,300.11,Card,ICICI,otp_timeout,21,0,2,1
txn_04898,409.94,UPI,HDFC,network_error,8,0,1,1
txn_04899,408.47,Card,Yes Bank,insufficient_funds,14,1,0,0
txn_04900,1701.87,UPI,Axis,insufficient_funds,19,1,2,0
txn_04901,440.9,Card,HDFC,insufficient_funds,19,1,1,0
txn_04902,859.05,Netbanking,ICICI,insufficient_funds,13,1,1,0
txn_04903,1490.86,UPI,PNB,otp_timeout,22,1,0,1
txn_04904,469.35,Card,ICICI,card_declined,3,1,0,1
txn_04905,748.41,UPI,Axis,bank_server_down,2,1,0,0
txn_04906,52.22,Card,SBI,insufficient_funds,6,1,0,0
txn_04907,399.29,UPI,Kotak,otp_timeout,12,1,0,1
txn_04908,1042.15,UPI,PNB,network_error,5,1,0,1
txn_04909,958.11,UPI,Axis,insufficient_funds,22,0,2,0
txn_04910,375.64,Card,Axis,bank_server_down,7,1,2,1
txn_04911,3231.87,UPI,SBI,otp_timeout,6,1,0,1
txn_04912,140.32,UPI,ICICI,insufficient_funds,19,0,0,0
txn_04913,2063.2,Card,Axis,otp_timeout,19,1,1,0
txn_04914,285.93,UPI,ICICI,bank_server_down,12,0,1,1
txn_04915,342.82,Card,Axis,bank_server_down,5,0,1,1
txn_04916,839.32,UPI,SBI,bank_server_down,21,1,2,0
txn_04917,565.32,Netbanking,SBI,session_timeout,15,0,1,1
txn_04918,442.0,UPI,ICICI,network_error,17,0,0,1
txn_04919,885.99,UPI,ICICI,insufficient_funds,3,1,0,0
txn_04920,412.75,UPI,ICICI,network_error,23,1,2,1
txn_04921,1209.94,Wallet,SBI,network_error,2,1,1,0
txn_04922,2024.01,Card,SBI,otp_timeout,1,0,0,1
txn_04923,215.11,Netbanking,Axis,bank_server_down,3,0,0,1
txn_04924,503.15,Netbanking,ICICI,bank_server_down,11,1,3,0
txn_04925,289.68,UPI,Axis,network_error,19,1,1,0
txn_04926,768.79,UPI,PNB,insufficient_funds,9,1,2,1
txn_04927,489.24,UPI,Kotak,otp_timeout,0,1,0,0
txn_04928,295.23,UPI,HDFC,network_error,16,0,0,0
txn_04929,1153.99,Netbanking,SBI,bank_server_down,6,0,2,0
txn_04930,1843.22,UPI,PNB,insufficient_funds,20,1,1,1
txn_04931,467.96,UPI,Axis,network_error,20,1,0,0
txn_04932,208.37,UPI,SBI,insufficient_funds,0,0,0,0
txn_04933,2487.46,UPI,Kotak,bank_server_down,15,0,0,0
txn_04934,202.55,UPI,Axis,bank_server_down,12,1,0,1
txn_04935,220.27,Card,Axis,bank_server_down,7,1,0,0
txn_04936,794.71,Card,Axis,card_declined,23,0,0,0
txn_04937,432.11,Card,Axis,bank_server_down,6,0,0,1
txn_04938,525.79,UPI,Kotak,network_error,0,1,0,1
txn_04939,239.74,Wallet,SBI,network_error,11,0,0,0
txn_04940,676.55,UPI,Yes Bank,otp_timeout,22,1,0,1
txn_04941,143.72,UPI,Kotak,network_error,14,0,2,0
txn_04942,85.03,UPI,PNB,network_error,14,1,0,1
txn_04943,8273.26,Card,Axis,bank_server_down,16,0,1,0
txn_04944,1266.79,UPI,Axis,bank_server_down,19,1,0,0
txn_04945,176.82,UPI,ICICI,network_error,17,1,0,0
txn_04946,757.29,Card,ICICI,otp_timeout,22,0,3,0
txn_04947,816.07,Card,SBI,card_declined,0,0,0,0
txn_04948,305.47,UPI,ICICI,bank_server_down,14,0,1,0
txn_04949,7882.09,UPI,Kotak,insufficient_funds,1,0,1,0
txn_04950,1092.91,UPI,Yes Bank,otp_timeout,21,1,0,1
txn_04951,252.06,UPI,PNB,insufficient_funds,2,1,0,0
txn_04952,7567.05,UPI,SBI,insufficient_funds,6,1,0,1
txn_04953,562.93,UPI,Yes Bank,network_error,18,1,0,0
txn_04954,1110.55,UPI,Kotak,otp_timeout,9,1,1,0
txn_04955,755.14,Card,Axis,card_declined,20,1,0,0
txn_04956,454.01,UPI,Kotak,network_error,15,0,0,0
txn_04957,1002.67,Card,Yes Bank,bank_server_down,19,0,2,0
txn_04958,221.02,UPI,Kotak,otp_timeout,16,1,1,1
txn_04959,305.05,UPI,SBI,insufficient_funds,6,1,3,0
txn_04960,605.11,UPI,PNB,otp_timeout,15,1,2,1
txn_04961,6682.88,UPI,Axis,network_error,3,0,2,1
txn_04962,2775.88,Netbanking,Axis,bank_server_down,10,1,0,0
txn_04963,1063.29,UPI,Axis,insufficient_funds,1,1,1,0
txn_04964,3761.56,UPI,PNB,otp_timeout,2,0,0,1
txn_04965,372.67,Card,ICICI,card_declined,0,1,0,1
txn_04966,6240.61,UPI,Yes Bank,network_error,18,1,0,0
txn_04967,384.65,UPI,SBI,otp_timeout,14,0,0,0
txn_04968,507.71,Card,Yes Bank,insufficient_funds,17,1,0,1
txn_04969,491.77,Card,Kotak,otp_timeout,12,1,3,0
txn_04970,4034.03,UPI,ICICI,network_error,4,0,0,1
txn_04971,196.75,Card,SBI,insufficient_funds,5,0,0,0
txn_04972,2730.42,UPI,ICICI,bank_server_down,3,0,1,0
txn_04973,220.86,UPI,SBI,bank_server_down,6,1,0,0
txn_04974,2937.33,Card,ICICI,insufficient_funds,16,1,0,0
txn_04975,254.06,Card,PNB,insufficient_funds,15,0,2,0
txn_04976,194.69,Card,ICICI,otp_timeout,4,0,0,1
txn_04977,950.26,Card,HDFC,bank_server_down,12,1,1,0
txn_04978,641.76,Netbanking,SBI,session_timeout,19,1,3,1
txn_04979,1713.7,Card,SBI,bank_server_down,8,1,1,0
txn_04980,183.68,Netbanking,Kotak,bank_server_down,18,0,2,0
txn_04981,148.98,UPI,PNB,bank_server_down,9,0,0,0
txn_04982,475.91,UPI,PNB,network_error,8,0,3,0
txn_04983,4091.5,UPI,PNB,bank_server_down,10,1,0,0
txn_04984,194.52,UPI,PNB,network_error,23,1,1,1
txn_04985,639.83,Card,ICICI,otp_timeout,13,0,0,1
txn_04986,1059.01,UPI,Kotak,bank_server_down,11,0,0,0
txn_04987,959.02,Card,ICICI,card_declined,9,0,0,1
txn_04988,466.42,Netbanking,SBI,insufficient_funds,7,1,1,0
txn_04989,366.72,UPI,SBI,network_error,11,0,1,0
txn_04990,425.23,Netbanking,SBI,bank_server_down,0,1,1,0
txn_04991,723.27,Card,Axis,insufficient_funds,0,1,0,1
txn_04992,3993.1,UPI,ICICI,otp_timeout,5,0,0,0
txn_04993,557.76,UPI,Kotak,bank_server_down,1,0,0,0
txn_04994,1306.89,UPI,HDFC,bank_server_down,6,0,1,0
txn_04995,1049.69,Card,Kotak,bank_server_down,14,0,2,0
txn_04996,1292.08,UPI,Axis,otp_timeout,8,0,0,0
txn_04997,452.4,Card,HDFC,otp_timeout,12,0,2,1
txn_04998,384.88,Card,SBI,bank_server_down,12,0,0,1
txn_04999,1434.67,UPI,Axis,network_error,5,0,3,1
